PartitionKey,timeOfTweet,,,Prob,0.695411405
Ben Carson,Sun Feb 28 14:55:38 +0000 2016,,,0.735898674,58.2205993
Ben Carson,Sun Feb 28 14:55:50 +0000 2016,,,0.653069556,-60.88748172
Ben Carson,Sun Feb 28 14:55:51 +0000 2016,,,0.735898674,58.2205993
Ben Carson,Sun Feb 28 14:55:54 +0000 2016,,,0.758947074,91.36414545
Ben Carson,Sun Feb 28 14:56:13 +0000 2016,,,0.659130633,-52.17166695
Ben Carson,Sun Feb 28 14:56:21 +0000 2016,,,0.735898674,58.2205993
Ben Carson,Sun Feb 28 14:56:27 +0000 2016,,,0.735898674,58.2205993
Ben Carson,Sun Feb 28 14:56:30 +0000 2016,,,0.706349492,15.7289436
Ben Carson,Sun Feb 28 14:56:35 +0000 2016,,,0.711019635,22.44459849
Ben Carson,Sun Feb 28 14:56:51 +0000 2016,,,0.735898674,58.2205993
Ben Carson,Sun Feb 28 14:56:54 +0000 2016,,,0.735898674,58.2205993
Ben Carson,Sun Feb 28 14:57:09 +0000 2016,,,0.669221342,-37.66125063
Ben Carson,Sun Feb 28 14:57:19 +0000 2016,,,0.758947074,91.36414545
Ben Carson,Sun Feb 28 14:58:05 +0000 2016,,,0.735898674,58.2205993
Ben Carson,Sun Feb 28 14:58:26 +0000 2016,,,0.758947074,91.36414545
Ben Carson,Sun Feb 28 14:58:40 +0000 2016,,,0.676503479,-27.18955439
Ben Carson,Sun Feb 28 14:58:50 +0000 2016,,,0.66065371,-49.98148573
Ben Carson,Sun Feb 28 14:58:50 +0000 2016,,,0.758947074,91.36414545
Ben Carson,Sun Feb 28 14:59:06 +0000 2016,,,0.735898674,58.2205993
Ben Carson,Sun Feb 28 14:59:14 +0000 2016,,,0.735898674,58.2205993
Ben Carson,Sun Feb 28 14:59:16 +0000 2016,,,0.7199983,35.35589809
Ben Carson,Sun Feb 28 14:59:16 +0000 2016,,,0.735898674,58.2205993
Ben Carson,Sun Feb 28 14:59:23 +0000 2016,,,0.699262321,5.537608019
Ben Carson,Sun Feb 28 14:59:30 +0000 2016,,,0.758947074,91.36414545
Ben Carson,Sun Feb 28 14:59:34 +0000 2016,,,0.703290343,11.32989438
Ben Carson,Sun Feb 28 14:59:40 +0000 2016,,,0.738091052,61.37323382
Ben Carson,Sun Feb 28 14:59:42 +0000 2016,,,0.735898674,58.2205993
Ben Carson,Sun Feb 28 14:59:48 +0000 2016,,,0.735898674,58.2205993
Ben Carson,Sun Feb 28 14:59:49 +0000 2016,,,0.680389762,-21.60108838
Ben Carson,Sun Feb 28 14:59:54 +0000 2016,,,0.702404499,10.05605275
Ben Carson,Sun Feb 28 15:00:03 +0000 2016,,,0.735898674,58.2205993
Ben Carson,Sun Feb 28 15:00:16 +0000 2016,,,0.69135505,-5.833029477
Ben Carson,Sun Feb 28 15:00:17 +0000 2016,,,0.613366246,-117.9807501
Ben Carson,Sun Feb 28 15:00:18 +0000 2016,,,0.735898674,58.2205993
Ben Carson,Sun Feb 28 15:00:19 +0000 2016,,,0.69135505,-5.833029477
Ben Carson,Sun Feb 28 15:00:20 +0000 2016,,,0.682599366,-18.42368292
Ben Carson," but no one has extra rights"" won the religious liberty debate.  Hit 90% in my focus grou…",Sun Feb 28 15:00:30 +0000 2016,,0.669471681,-37.30126373
Ben Carson,Sun Feb 28 15:00:30 +0000 2016,,,0.688208699,-10.35747497
Ben Carson,Sun Feb 28 15:00:43 +0000 2016,,,0.735898674,58.2205993
Ben Carson,Sun Feb 28 15:00:56 +0000 2016,,,0.735898674,58.2205993
Ben Carson,Sun Feb 28 15:00:57 +0000 2016,,,0.758947074,91.36414545
Ben Carson,Sun Feb 28 15:00:58 +0000 2016,,,0.735898674,58.2205993
Ben Carson,Sun Feb 28 15:01:05 +0000 2016,,,0.669221342,-37.66125063
Ben Carson,Sun Feb 28 15:01:06 +0000 2016,,,0.735898674,58.2205993
Ben Carson,Sun Feb 28 15:01:11 +0000 2016,,,0.682599366,-18.42368292
Ben Carson,Sun Feb 28 15:01:14 +0000 2016,,,0.708456516,18.75883927
Ben Carson,Sun Feb 28 15:01:15 +0000 2016,,,0.66444695,-44.52681534
Ben Carson,Sun Feb 28 15:01:15 +0000 2016,,,0.735898674,58.2205993
Ben Carson,Sun Feb 28 15:01:16 +0000 2016,,,0.673712492,-31.20298727
Ben Carson,Sun Feb 28 15:01:17 +0000 2016,,,0.62204659,-105.4984354
Ben Carson,Sun Feb 28 15:01:20 +0000 2016,,,0.673712492,-31.20298727
Ben Carson,Sun Feb 28 15:01:26 +0000 2016,,,0.752737522,82.43482397
Ben Carson,Sun Feb 28 15:01:27 +0000 2016,,,0.708456516,18.75883927
Ben Carson,Sun Feb 28 15:01:28 +0000 2016,,,0.708456516,18.75883927
Ben Carson,Sun Feb 28 15:01:38 +0000 2016,,,0.758947074,91.36414545
Ben Carson,Sun Feb 28 15:01:47 +0000 2016,,,0.735898674,58.2205993
Ben Carson,Sun Feb 28 15:02:09 +0000 2016,,,0.758947074,91.36414545
Ben Carson,Sun Feb 28 15:02:09 +0000 2016,,,0.613366246,-117.9807501
Ben Carson,Sun Feb 28 15:02:14 +0000 2016,,,0.758947074,91.36414545
Ben Carson,Sun Feb 28 15:02:15 +0000 2016,,,0.742007613,67.00523952
Ben Carson,Sun Feb 28 15:02:18 +0000 2016,,,0.735898674,58.2205993
Ben Carson,Sun Feb 28 15:02:19 +0000 2016,,,0.758947074,91.36414545
Ben Carson,Sun Feb 28 15:02:20 +0000 2016,,,0.69783324,3.482592831
Ben Carson,Sun Feb 28 15:02:23 +0000 2016,,,0.735898674,58.2205993
Ben Carson,Sun Feb 28 15:02:36 +0000 2016,,,0.735898674,58.2205993
Ben Carson,Sun Feb 28 15:02:46 +0000 2016,,,0.735898674,58.2205993
Ben Carson,Sun Feb 28 15:02:47 +0000 2016,,,0.735898674,58.2205993
Ben Carson,Sun Feb 28 15:02:54 +0000 2016,,,0.69135505,-5.833029477
Ben Carson,Sun Feb 28 15:02:55 +0000 2016,,,0.708456516,18.75883927
Ben Carson,Sun Feb 28 15:02:57 +0000 2016,,,0.735898674,58.2205993
Ben Carson,Sun Feb 28 15:03:05 +0000 2016,,,0.758947074,91.36414545
Ben Carson,Sun Feb 28 15:03:11 +0000 2016,,,0.735898674,58.2205993
Ben Carson,Sun Feb 28 15:03:26 +0000 2016,,,0.735898674,58.2205993
Ben Carson,Sun Feb 28 15:03:27 +0000 2016,,,0.708456516,18.75883927
Ben Carson,Sun Feb 28 15:03:32 +0000 2016,,,0.699262321,5.537608019
Ben Carson,Sun Feb 28 15:03:32 +0000 2016,,,0.758947074,91.36414545
Ben Carson,Sun Feb 28 15:03:38 +0000 2016,,,0.758947074,91.36414545
Ben Carson,Sun Feb 28 15:03:42 +0000 2016,,,0.686993897,-12.10435745
Ben Carson,Sun Feb 28 15:03:43 +0000 2016,,,0.705880046,15.05388134
Ben Carson,Sun Feb 28 15:03:43 +0000 2016,,,0.708456516,18.75883927
Ben Carson,Sun Feb 28 15:03:55 +0000 2016,,,0.667780042,-39.73383672
Ben Carson,Sun Feb 28 15:03:55 +0000 2016,,,0.678665578,-24.080461
Ben Carson,Sun Feb 28 15:03:59 +0000 2016,,,0.769342124,106.3122034
Ben Carson,Sun Feb 28 15:03:59 +0000 2016,,,0.735898674,58.2205993
Ben Carson,Sun Feb 28 15:04:09 +0000 2016,,,0.641904593,-76.94267282
Ben Carson,Sun Feb 28 15:04:16 +0000 2016,,,0.735898674,58.2205993
Ben Carson,Sun Feb 28 15:04:19 +0000 2016,,,0.73103416,51.22543937
Ben Carson,Sun Feb 28 15:04:24 +0000 2016,,,0.783475816,126.63642
Ben Carson,Sun Feb 28 15:04:25 +0000 2016,,,0.644241154,-73.58270348
Ben Carson,Sun Feb 28 15:04:33 +0000 2016,,,0.700272262,6.989900853
Ben Carson,Sun Feb 28 15:04:37 +0000 2016,,,0.708456516,18.75883927
Ben Carson,Sun Feb 28 15:04:41 +0000 2016,,,0.689420879,-8.614362923
Ben Carson,Sun Feb 28 15:04:42 +0000 2016,,,0.677925169,-25.14516744
Ben Carson,Sun Feb 28 15:04:44 +0000 2016,,,0.758947074,91.36414545
Ben Carson,Sun Feb 28 15:04:49 +0000 2016,,,0.650052309,-65.22627596
Ben Carson,Sun Feb 28 15:04:55 +0000 2016,,,0.675946295,-27.9907837
Ben Carson,Sun Feb 28 15:04:57 +0000 2016,,,0.735898674,58.2205993
Ben Carson,Sun Feb 28 15:05:00 +0000 2016,,,0.646570861,-70.23259017
Ben Carson,Sun Feb 28 15:05:06 +0000 2016,,,0.735898674,58.2205993
Ben Carson,Sun Feb 28 15:05:06 +0000 2016,,,0.708456516,18.75883927
Ben Carson,Sun Feb 28 15:47:49 +0000 2016,,,0.735898674,58.2205993
Ben Carson,Sun Feb 28 15:47:53 +0000 2016,,,0.738091052,61.37323382
Ben Carson,Sun Feb 28 15:47:56 +0000 2016,,,0.758947074,91.36414545
Ben Carson,Sun Feb 28 15:47:58 +0000 2016,,,0.662679374,-47.06858556
Ben Carson,Sun Feb 28 15:48:07 +0000 2016,,,0.738091052,61.37323382
Ben Carson,Sun Feb 28 15:48:14 +0000 2016,,,0.735898674,58.2205993
Ben Carson,Sun Feb 28 15:48:14 +0000 2016,,,0.712412059,24.446901
Ben Carson,Sun Feb 28 15:48:18 +0000 2016,,,0.689420938,-8.614278081
Ben Carson,Sun Feb 28 15:48:26 +0000 2016,,,0.752684891,82.35914071
Ben Carson,Sun Feb 28 15:48:26 +0000 2016,,,0.738091052,61.37323382
Ben Carson,Sun Feb 28 15:48:27 +0000 2016,,,0.658558607,-52.99423902
Ben Carson,Sun Feb 28 15:48:28 +0000 2016,,,0.734136283,55.6862851
Ben Carson,Sun Feb 28 15:48:37 +0000 2016,,,0.601228356,-135.435008
Ben Carson,Sun Feb 28 15:48:58 +0000 2016,,,0.699262321,5.537608019
Ben Carson,Sun Feb 28 15:49:01 +0000 2016,,,0.677245617,-26.12236165
Ben Carson,Sun Feb 28 15:49:07 +0000 2016,,,0.671969652,-33.70918718
Ben Carson,Sun Feb 28 15:49:18 +0000 2016,,,0.734136283,55.6862851
Ben Carson,Sun Feb 28 15:49:28 +0000 2016,,,0.738091052,61.37323382
Ben Carson,Sun Feb 28 15:49:38 +0000 2016,,,0.734136283,55.6862851
Ben Carson,Sun Feb 28 15:49:50 +0000 2016,,,0.662679374,-47.06858556
Ben Carson,Sun Feb 28 15:50:01 +0000 2016,,,0.708456516,18.75883927
Ben Carson,Sun Feb 28 15:50:01 +0000 2016,,,0.734136283,55.6862851
Ben Carson,Sun Feb 28 15:50:03 +0000 2016,,,0.738091052,61.37323382
Ben Carson,Sun Feb 28 15:50:04 +0000 2016,,,0.650502443,-64.57898431
Ben Carson,Sun Feb 28 15:50:06 +0000 2016,,,0.738091052,61.37323382
Ben Carson,Sun Feb 28 15:50:10 +0000 2016,,,0.663248003,-46.25089837
Ben Carson,Sun Feb 28 15:50:18 +0000 2016,,,0.758947074,91.36414545
Ben Carson,Sun Feb 28 15:50:22 +0000 2016,,,0.669221342,-37.66125063
Ben Carson,Sun Feb 28 15:50:25 +0000 2016,,,0.735898674,58.2205993
Ben Carson,Sun Feb 28 15:50:29 +0000 2016,,,0.738091052,61.37323382
Ben Carson,Sun Feb 28 15:50:31 +0000 2016,,,0.678665578,-24.080461
Ben Carson,Sun Feb 28 15:50:38 +0000 2016,,,0.678418875,-24.43521935
Ben Carson,Sun Feb 28 15:50:40 +0000 2016,,,0.735898674,58.2205993
Ben Carson,Sun Feb 28 15:50:43 +0000 2016,,,0.734136283,55.6862851
Ben Carson,Sun Feb 28 15:50:52 +0000 2016,,,0.675946295,-27.9907837
Ben Carson,Sun Feb 28 15:50:52 +0000 2016,,,0.734136283,55.6862851
Ben Carson,Sun Feb 28 15:50:53 +0000 2016,,,0.712412059,24.446901
Ben Carson,Sun Feb 28 15:50:53 +0000 2016,,,0.758947074,91.36414545
Ben Carson,Sun Feb 28 15:50:58 +0000 2016,,,0.752684891,82.35914071
Ben Carson,Sun Feb 28 15:51:00 +0000 2016,,,0.735898674,58.2205993
Ben Carson,Sun Feb 28 15:51:14 +0000 2016,,,0.758947074,91.36414545
Ben Carson,Sun Feb 28 15:51:15 +0000 2016,,,0.735898674,58.2205993
Ben Carson,Sun Feb 28 15:51:21 +0000 2016,,,0.657858849,-54.00048941
Ben Carson,Sun Feb 28 15:51:23 +0000 2016,,,0.735898674,58.2205993
Ben Carson,Sun Feb 28 15:51:24 +0000 2016,,,0.658558607,-52.99423902
Ben Carson,Sun Feb 28 15:51:26 +0000 2016,,,0.678665578,-24.080461
Ben Carson,Sun Feb 28 15:51:40 +0000 2016,,,0.735898674,58.2205993
Ben Carson,Sun Feb 28 15:51:49 +0000 2016,,,0.738091052,61.37323382
Ben Carson,Sun Feb 28 15:51:58 +0000 2016,,,0.7105546,21.77587923
Ben Carson,Sun Feb 28 15:52:17 +0000 2016,,,0.675202608,-29.06020389
Ben Carson,Sun Feb 28 15:52:18 +0000 2016,,,0.727909267,46.73185043
Ben Carson,Sun Feb 28 15:52:28 +0000 2016,,,0.758947074,91.36414545
Ben Carson,Sun Feb 28 15:52:30 +0000 2016,,,0.734136283,55.6862851
Ben Carson,Sun Feb 28 15:52:33 +0000 2016,,,0.734136283,55.6862851
Ben Carson,Sun Feb 28 15:52:37 +0000 2016,,,0.760237992,93.22048256
Ben Carson,Sun Feb 28 15:52:38 +0000 2016,,,0.734136283,55.6862851
Ben Carson,Sun Feb 28 15:52:50 +0000 2016,,,0.648378015,-67.63390688
Ben Carson,Sun Feb 28 15:53:02 +0000 2016,,,0.697117269,2.453028181
Ben Carson,Sun Feb 28 15:53:04 +0000 2016,,,0.728413045,47.45628203
Ben Carson,Sun Feb 28 15:53:12 +0000 2016,,,0.734136283,55.6862851
Ben Carson,Sun Feb 28 15:53:17 +0000 2016,,,0.752737522,82.43482397
Ben Carson,Sun Feb 28 15:53:21 +0000 2016,,,0.660400093,-50.34618639
Ben Carson,Sun Feb 28 15:53:22 +0000 2016,,,0.722953022,39.60478153
Ben Carson,Sun Feb 28 15:53:24 +0000 2016,,,0.734136283,55.6862851
Ben Carson,Sun Feb 28 15:53:25 +0000 2016,,,0.73103416,51.22543937
Ben Carson,Sun Feb 28 15:53:26 +0000 2016,,,0.758947074,91.36414545
Ben Carson,Sun Feb 28 15:53:28 +0000 2016,,,0.691837549,-5.139197026
Ben Carson,Sun Feb 28 15:53:30 +0000 2016,,,0.649987996,-65.31875791
Ben Carson,Sun Feb 28 15:53:39 +0000 2016,,,0.734136283,55.6862851
Ben Carson,Sun Feb 28 15:53:50 +0000 2016,,,0.738091052,61.37323382
Ben Carson,Sun Feb 28 15:53:59 +0000 2016,,,0.730589151,50.58551745
Ben Carson,Sun Feb 28 15:54:05 +0000 2016,,,0.661667287,-48.52396434
Ben Carson,Sun Feb 28 15:54:06 +0000 2016,,,0.735898674,58.2205993
Ben Carson,Sun Feb 28 15:54:12 +0000 2016,,,0.735898674,58.2205993
Ben Carson,Sun Feb 28 15:54:28 +0000 2016,,,0.735898674,58.2205993
Ben Carson,Sun Feb 28 15:54:35 +0000 2016,,,0.735898674,58.2205993
Ben Carson,Sun Feb 28 15:54:45 +0000 2016,,,0.735898674,58.2205993
Ben Carson,Sun Feb 28 15:54:51 +0000 2016,,,0.738091052,61.37323382
Ben Carson,Sun Feb 28 15:54:52 +0000 2016,,,0.615777493,-114.5133825
Ben Carson,Sun Feb 28 15:55:06 +0000 2016,,,0.735898674,58.2205993
Ben Carson,Sun Feb 28 15:55:18 +0000 2016,,,0.735898674,58.2205993
Ben Carson,Sun Feb 28 15:55:25 +0000 2016,,,0.735898674,58.2205993
Ben Carson,Sun Feb 28 15:55:46 +0000 2016,,,0.734136283,55.6862851
Ben Carson,Sun Feb 28 15:55:47 +0000 2016,,,0.735898674,58.2205993
Ben Carson,Sun Feb 28 15:55:49 +0000 2016,,,0.722726405,39.2789068
Ben Carson,Sun Feb 28 15:55:52 +0000 2016,,,0.631702721,-91.61294127
Ben Carson,Sun Feb 28 15:55:57 +0000 2016,,,0.734136283,55.6862851
Ben Carson,Sun Feb 28 15:55:59 +0000 2016,,,0.738091052,61.37323382
Ben Carson,Sun Feb 28 15:56:00 +0000 2016,,,0.662679374,-47.06858556
Ben Carson," of course they're going to be infiltrated by jihadists a…""",Sun Feb 28 15:56:03 +0000 2016,,0.665454924,-43.07735105
Ben Carson,Sun Feb 28 15:56:03 +0000 2016,,,0.734136283,55.6862851
Ben Carson,Sun Feb 28 15:56:11 +0000 2016,,,0.689178705,-8.962608578
Ben Carson,Sun Feb 28 15:56:18 +0000 2016,,,0.735898674,58.2205993
Ben Carson,Sun Feb 28 15:56:18 +0000 2016,,,0.735898674,58.2205993
Ben Carson,Sun Feb 28 15:56:19 +0000 2016,,,0.609873414,-123.0034345
Ben Carson,Sun Feb 28 15:56:22 +0000 2016,,,0.734136283,55.6862851
Ben Carson,Sun Feb 28 15:56:22 +0000 2016,,,0.734136283,55.6862851
Ben Carson,Sun Feb 28 15:56:28 +0000 2016,,,0.752737522,82.43482397
Ben Carson,Sun Feb 28 15:56:48 +0000 2016,,,0.662679374,-47.06858556
Ben Carson,Sun Feb 28 15:56:53 +0000 2016,,,0.735898674,58.2205993
Bernie Sanders,Sun Feb 28 15:02:57 +0000 2016,,,0.708456516,18.75883927
Bernie Sanders,Sun Feb 28 15:02:57 +0000 2016,,,0.720909476,36.66616708
Bernie Sanders,Sun Feb 28 15:02:59 +0000 2016,,,0.712643743,24.78006205
Bernie Sanders,Sun Feb 28 15:02:59 +0000 2016,,,0.781550884,123.8683722
Bernie Sanders,Sun Feb 28 15:03:00 +0000 2016,,,0.701161742,8.268971045
Bernie Sanders,Sun Feb 28 15:03:00 +0000 2016,,,0.7105546,21.77587923
Bernie Sanders,Sun Feb 28 15:03:01 +0000 2016,,,0.680635691,-21.24744305
Bernie Sanders,Sun Feb 28 15:03:01 +0000 2016,,,0.677183807,-26.21124429
Bernie Sanders,Sun Feb 28 15:03:01 +0000 2016,,,0.689420938,-8.614278081
Bernie Sanders,Sun Feb 28 15:03:02 +0000 2016,,,0.706349492,15.7289436
Bernie Sanders,Sun Feb 28 15:03:02 +0000 2016,,,0.744812429,71.03855848
Bernie Sanders,Sun Feb 28 15:03:03 +0000 2016,,,0.744812429,71.03855848
Bernie Sanders,Sun Feb 28 15:03:04 +0000 2016,,,0.693282545,-3.061296104
Bernie Sanders,Sun Feb 28 15:03:07 +0000 2016,,,0.7105546,21.77587923
Bernie Sanders,Sun Feb 28 15:03:08 +0000 2016,,,0.705410182,14.37821799
Bernie Sanders,Sun Feb 28 15:03:09 +0000 2016,,,0.74866277,76.57533997
Bernie Sanders,Sun Feb 28 15:03:10 +0000 2016,,,0.70210886,9.630924549
Bernie Sanders,Sun Feb 28 15:03:12 +0000 2016,,,0.724761724,42.20569084
Bernie Sanders,Sun Feb 28 15:03:12 +0000 2016,,,0.69352299,-2.715536748
Bernie Sanders,Sun Feb 28 15:03:13 +0000 2016,,,0.698071659,3.825438804
Bernie Sanders,Sun Feb 28 15:03:15 +0000 2016,,,0.69135505,-5.833029477
Bernie Sanders,Sun Feb 28 15:03:16 +0000 2016,,,0.693523049,-2.715451906
Bernie Sanders,Sun Feb 28 15:03:17 +0000 2016,,,0.734798074,56.63793904
Bernie Sanders,Sun Feb 28 15:03:18 +0000 2016,,,0.693523049,-2.715451906
Bernie Sanders,Sun Feb 28 15:03:20 +0000 2016,,,0.693282545,-3.061296104
Bernie Sanders,Sun Feb 28 15:03:23 +0000 2016,,,0.699975431,6.563058558
Bernie Sanders,Sun Feb 28 15:03:23 +0000 2016,,,0.714723825,27.77121518
Bernie Sanders,Sun Feb 28 15:03:26 +0000 2016,,,0.711484194,23.11263326
Bernie Sanders,Sun Feb 28 15:03:27 +0000 2016,,,0.68845135,-10.00854339
Bernie Sanders,Sun Feb 28 15:03:29 +0000 2016,,,0.683578789,-17.0152749
Bernie Sanders,Sun Feb 28 15:03:33 +0000 2016,,,0.715875506,29.42732981
Bernie Sanders,Sun Feb 28 15:03:36 +0000 2016,,,0.689178705,-8.962608578
Bernie Sanders,Sun Feb 28 15:03:36 +0000 2016,,,0.742872775,68.24934049
Bernie Sanders,Sun Feb 28 15:03:37 +0000 2016,,,0.669221342,-37.66125063
Bernie Sanders,Sun Feb 28 15:03:38 +0000 2016,,,0.705410182,14.37821799
Bernie Sanders,Sun Feb 28 15:03:39 +0000 2016,,,0.730199397,50.0250521
Bernie Sanders,Sun Feb 28 15:03:40 +0000 2016,,,0.699975431,6.563058558
Bernie Sanders,Sun Feb 28 15:03:42 +0000 2016,,,0.692560554,-4.0995175
Bernie Sanders,Sun Feb 28 15:03:42 +0000 2016,,,0.705410182,14.37821799
Bernie Sanders,Sun Feb 28 15:03:42 +0000 2016,,,0.69352299,-2.715536748
Bernie Sanders,Sun Feb 28 15:03:43 +0000 2016,,,0.675946295,-27.9907837
Bernie Sanders,Sun Feb 28 15:03:43 +0000 2016,,,0.737215519,60.11421938
Bernie Sanders,Sun Feb 28 15:03:43 +0000 2016,,,0.698369563,4.25382407
Bernie Sanders,Sun Feb 28 15:03:45 +0000 2016,,,0.675946295,-27.9907837
Bernie Sanders,Sun Feb 28 15:03:46 +0000 2016,,,0.654093921,-59.41444721
Bernie Sanders,Sun Feb 28 15:03:46 +0000 2016,,,0.693523049,-2.715451906
Bernie Sanders,Sun Feb 28 15:03:47 +0000 2016,,,0.708456516,18.75883927
Bernie Sanders,Sun Feb 28 15:03:47 +0000 2016,,,0.680697143,-21.15907521
Bernie Sanders,Sun Feb 28 15:03:49 +0000 2016,,,0.767328858,103.4171315
Bernie Sanders,Sun Feb 28 15:03:53 +0000 2016,,,0.655819297,-56.93336049
Bernie Sanders,Sun Feb 28 15:03:57 +0000 2016,,,0.647862077,-68.37582454
Bernie Sanders,Sun Feb 28 15:03:57 +0000 2016,,,0.699975431,6.563058558
Bernie Sanders,Sun Feb 28 15:04:00 +0000 2016,,,0.7105546,21.77587923
Bernie Sanders,Sun Feb 28 15:04:01 +0000 2016,,,0.720909476,36.66616708
Bernie Sanders,Sun Feb 28 15:04:01 +0000 2016,,,0.69352299,-2.715536748
Bernie Sanders,Sun Feb 28 15:04:02 +0000 2016,,,0.695921838,0.734001155
Bernie Sanders,Sun Feb 28 15:04:06 +0000 2016,,,0.744597375,70.72931132
Bernie Sanders,Sun Feb 28 15:04:08 +0000 2016,,,0.657858849,-54.00048941
Bernie Sanders,Sun Feb 28 15:04:08 +0000 2016,,,0.705410182,14.37821799
Bernie Sanders,Sun Feb 28 15:04:09 +0000 2016,,,0.733031034,54.09693958
Bernie Sanders,Sun Feb 28 15:04:10 +0000 2016,,,0.695921838,0.734001155
Bernie Sanders,Sun Feb 28 15:04:11 +0000 2016,,,0.689178705,-8.962608578
Bernie Sanders,Sun Feb 28 15:04:11 +0000 2016,,,0.686020195,-13.50453869
Bernie Sanders,Sun Feb 28 15:04:13 +0000 2016,,,0.653005481,-60.97962143
Bernie Sanders,Sun Feb 28 15:04:15 +0000 2016,,,0.701161742,8.268971045
Bernie Sanders,Sun Feb 28 15:04:15 +0000 2016,,,0.724084318,41.23158257
Bernie Sanders,Sun Feb 28 15:04:16 +0000 2016,,,0.706349492,15.7289436
Bernie Sanders,Sun Feb 28 15:04:17 +0000 2016,,,0.737215519,60.11421938
Bernie Sanders,Sun Feb 28 15:04:21 +0000 2016,,,0.708456516,18.75883927
Bernie Sanders,Sun Feb 28 15:04:21 +0000 2016,,,0.705410182,14.37821799
Bernie Sanders,Sun Feb 28 15:04:22 +0000 2016,,,0.705410182,14.37821799
Bernie Sanders,Sun Feb 28 15:04:26 +0000 2016,,,0.693282545,-3.061296104
Bernie Sanders,Sun Feb 28 15:04:26 +0000 2016,,,0.696161091,1.078046418
Bernie Sanders,Sun Feb 28 15:04:27 +0000 2016,,,0.62536484,-100.7267996
Bernie Sanders,Sun Feb 28 15:04:30 +0000 2016,,,0.69783324,3.482592831
Bernie Sanders,Sun Feb 28 15:04:30 +0000 2016,,,0.683823407,-16.66351477
Bernie Sanders,Sun Feb 28 15:04:34 +0000 2016,,,0.740271688,64.50898337
Bernie Sanders,Sun Feb 28 15:04:34 +0000 2016,,,0.709856212,20.77159889
Bernie Sanders," who IS #BernieSanders and has been ALWAYS #WhichH…""",Sun Feb 28 15:04:35 +0000 2016,,0.694303811,-1.592717947
Bernie Sanders,Sun Feb 28 15:04:35 +0000 2016,,,0.69783324,3.482592831
Bernie Sanders,Sun Feb 28 15:04:37 +0000 2016,,,0.714954376,28.10274699
Bernie Sanders,Sun Feb 28 15:04:38 +0000 2016,,,0.673961103,-30.84548523
Bernie Sanders,Sun Feb 28 15:04:39 +0000 2016,,,0.677431047,-25.85571374
Bernie Sanders,Sun Feb 28 15:04:39 +0000 2016,,,0.69783324,3.482592831
Bernie Sanders,Sun Feb 28 15:04:41 +0000 2016,,,0.655819297,-56.93336049
Bernie Sanders,Sun Feb 28 15:04:43 +0000 2016,,,0.705410182,14.37821799
Bernie Sanders,Sun Feb 28 15:04:46 +0000 2016,,,0.663942397,-45.25236139
Bernie Sanders,Sun Feb 28 15:04:48 +0000 2016,,,0.698071659,3.825438804
Bernie Sanders,Sun Feb 28 15:04:48 +0000 2016,,,0.699975431,6.563058558
Bernie Sanders,Sun Feb 28 15:04:49 +0000 2016,,,0.655819297,-56.93336049
Bernie Sanders,Sun Feb 28 15:04:49 +0000 2016,,,0.736777008,59.48364157
Bernie Sanders,Sun Feb 28 15:04:51 +0000 2016,,,0.680697143,-21.15907521
Bernie Sanders,Sun Feb 28 15:04:53 +0000 2016,,,0.66821903,-39.10257298
Bernie Sanders,Sun Feb 28 15:04:55 +0000 2016,,,0.637276709,-83.59755936
Bernie Sanders,Sun Feb 28 15:04:55 +0000 2016,,,0.655819297,-56.93336049
Bernie Sanders,Sun Feb 28 15:04:56 +0000 2016,,,0.698071659,3.825438804
Bernie Sanders,Sun Feb 28 15:04:57 +0000 2016,,,0.74866277,76.57533997
Bernie Sanders,Sun Feb 28 15:05:01 +0000 2016,,,0.708456516,18.75883927
Bernie Sanders,Sun Feb 28 15:05:02 +0000 2016,,,0.712875307,25.11305055
Bernie Sanders,Sun Feb 28 15:05:05 +0000 2016,,,0.70210886,9.630924549
Bernie Sanders,Sun Feb 28 15:05:08 +0000 2016,,,0.708456516,18.75883927
Bernie Sanders,Sun Feb 28 15:05:08 +0000 2016,,,0.701161742,8.268971045
Bernie Sanders,Sun Feb 28 15:55:48 +0000 2016,,,0.683823407,-16.66351477
Bernie Sanders,Sun Feb 28 15:55:48 +0000 2016,,,0.664699078,-44.16425586
Bernie Sanders,Sun Feb 28 15:55:48 +0000 2016,,,0.757910967,89.87422597
Bernie Sanders,Sun Feb 28 15:55:51 +0000 2016,,,0.634854853,-87.08018271
Bernie Sanders,Sun Feb 28 15:55:51 +0000 2016,,,0.708690047,19.09465631
Bernie Sanders,Sun Feb 28 15:55:51 +0000 2016,,,0.752263546,81.75324757
Bernie Sanders,Sun Feb 28 15:55:52 +0000 2016,,,0.712643743,24.78006205
Bernie Sanders,Sun Feb 28 15:55:52 +0000 2016,,,0.757703364,89.57569333
Bernie Sanders,Sun Feb 28 15:55:52 +0000 2016,,,0.750149667,78.71349443
Bernie Sanders,Sun Feb 28 15:55:55 +0000 2016,,,0.692560554,-4.0995175
Bernie Sanders,Sun Feb 28 15:55:56 +0000 2016,,,0.730811715,50.90556397
Bernie Sanders,Sun Feb 28 15:55:56 +0000 2016,,,0.605018735,-129.9844517
Bernie Sanders,Sun Feb 28 15:55:56 +0000 2016,,,0.658685803,-52.81133146
Bernie Sanders,Sun Feb 28 15:55:56 +0000 2016,,,0.738746464,62.31571477
Bernie Sanders,Sun Feb 28 15:55:57 +0000 2016,,,0.732588112,53.46001877
Bernie Sanders,Sun Feb 28 15:55:58 +0000 2016,,,0.757910967,89.87422597
Bernie Sanders,Sun Feb 28 15:55:58 +0000 2016,,,0.750149667,78.71349443
Bernie Sanders,Sun Feb 28 15:55:58 +0000 2016,,,0.664699078,-44.16425586
Bernie Sanders,Sun Feb 28 15:56:00 +0000 2016,,,0.693523049,-2.715451906
Bernie Sanders,Sun Feb 28 15:56:02 +0000 2016,,,0.687237084,-11.75465511
Bernie Sanders,Sun Feb 28 15:56:03 +0000 2016,,,0.717769682,32.15115054
Bernie Sanders,Sun Feb 28 15:56:04 +0000 2016,,,0.706349492,15.7289436
Bernie Sanders,Sun Feb 28 15:56:04 +0000 2016,,,0.666461349,-41.63011421
Bernie Sanders,Sun Feb 28 15:56:05 +0000 2016,,,0.758118391,90.1725012
Bernie Sanders,Sun Feb 28 15:56:05 +0000 2016,,,0.664699078,-44.16425586
Bernie Sanders,Sun Feb 28 15:56:06 +0000 2016,,,0.684800744,-15.25810642
Bernie Sanders,Sun Feb 28 15:56:07 +0000 2016,,,0.718856752,33.71435469
Bernie Sanders,Sun Feb 28 15:56:07 +0000 2016,,,0.756246805,87.48116484
Bernie Sanders,Sun Feb 28 15:56:08 +0000 2016,,,0.6862638,-13.15423526
Bernie Sanders,Sun Feb 28 15:56:08 +0000 2016,,,0.69352299,-2.715536748
Bernie Sanders,Sun Feb 28 15:56:09 +0000 2016,,,0.664699078,-44.16425586
Bernie Sanders,Sun Feb 28 15:56:09 +0000 2016,,,0.693523049,-2.715451906
Bernie Sanders,Sun Feb 28 15:56:10 +0000 2016,,,0.664699078,-44.16425586
Bernie Sanders,Sun Feb 28 15:56:10 +0000 2016,,,0.648893595,-66.89250403
Bernie Sanders,Sun Feb 28 15:56:11 +0000 2016,,,0.711716354,23.44647881
Bernie Sanders,Sun Feb 28 15:56:12 +0000 2016,,,0.70210886,9.630924549
Bernie Sanders,Sun Feb 28 15:56:12 +0000 2016,,,0.757910967,89.87422597
Bernie Sanders,Sun Feb 28 15:56:13 +0000 2016,,,0.732809603,53.77852232
Bernie Sanders,Sun Feb 28 15:56:13 +0000 2016,,,0.664699078,-44.16425586
Bernie Sanders,Sun Feb 28 15:56:14 +0000 2016,,,0.664699078,-44.16425586
Bernie Sanders,Sun Feb 28 15:56:14 +0000 2016,,,0.757703364,89.57569333
Bernie Sanders,Sun Feb 28 15:56:15 +0000 2016,,,0.684800744,-15.25810642
Bernie Sanders,Sun Feb 28 15:56:16 +0000 2016,,,0.694063663,-1.938050218
Bernie Sanders,Sun Feb 28 15:56:16 +0000 2016,,,0.711716354,23.44647881
Bernie Sanders,Sun Feb 28 15:56:16 +0000 2016,,,0.726563096,44.79605963
Bernie Sanders,Sun Feb 28 15:56:16 +0000 2016,,,0.75977385,92.55304743
Bernie Sanders,Sun Feb 28 15:56:17 +0000 2016,,,0.655819297,-56.93336049
Bernie Sanders,Sun Feb 28 15:56:18 +0000 2016,,,0.732809603,53.77852232
Bernie Sanders,Sun Feb 28 15:56:18 +0000 2016,,,0.675946295,-27.9907837
Bernie Sanders,Sun Feb 28 15:56:19 +0000 2016,,,0.693282545,-3.061296104
Bernie Sanders,Sun Feb 28 15:56:19 +0000 2016,,,0.717941463,32.39817122
Bernie Sanders," @TulsiPress! You're amazing! ""DNC vice chair resigns"," endorses Bernie Sanders"" https://t.co/IGbkrdHtZT #Fee…",Sun Feb 28 15:56:21 +0000 2016,0.728021264,46.89290186
Bernie Sanders,Sun Feb 28 15:56:21 +0000 2016,,,0.738964736,62.6295894
Bernie Sanders,Sun Feb 28 15:56:22 +0000 2016,,,0.655819297,-56.93336049
Bernie Sanders,Sun Feb 28 15:56:22 +0000 2016,,,0.666964054,-40.90722558
Bernie Sanders,Sun Feb 28 15:56:23 +0000 2016,,,0.664699078,-44.16425586
Bernie Sanders,Sun Feb 28 15:56:23 +0000 2016,,,0.673961103,-30.84548523
Bernie Sanders,Sun Feb 28 15:56:25 +0000 2016,,,0.634854853,-87.08018271
Bernie Sanders,Sun Feb 28 15:56:25 +0000 2016,,,0.783523798,126.705418
Bernie Sanders,Sun Feb 28 15:56:26 +0000 2016,,,0.707521141,17.41377217
Bernie Sanders,Sun Feb 28 15:56:27 +0000 2016,,,0.663942397,-45.25236139
Bernie Sanders,Sun Feb 28 15:56:30 +0000 2016,,,0.753315985,83.26665243
Bernie Sanders,Sun Feb 28 15:56:32 +0000 2016,,,0.757910967,89.87422597
Bernie Sanders,Sun Feb 28 15:56:33 +0000 2016,,,0.724536061,41.88118796
Bernie Sanders,Sun Feb 28 15:56:33 +0000 2016,,,0.681188643,-20.45229934
Bernie Sanders,Sun Feb 28 15:56:34 +0000 2016,,,0.718856752,33.71435469
Bernie Sanders,Sun Feb 28 15:56:34 +0000 2016,,,0.738746464,62.31571477
Bernie Sanders,Sun Feb 28 15:56:35 +0000 2016,,,0.684556603,-15.60918061
Bernie Sanders,Sun Feb 28 15:56:37 +0000 2016,,,0.753946006,84.17262118
Bernie Sanders,Sun Feb 28 15:56:37 +0000 2016,,,0.772339106,110.6218566
Bernie Sanders,Sun Feb 28 15:56:37 +0000 2016,,,0.746528447,73.50618841
Bernie Sanders,Sun Feb 28 15:56:37 +0000 2016,,,0.746528447,73.50618841
Bernie Sanders,Sun Feb 28 15:56:38 +0000 2016,,,0.718856752,33.71435469
Bernie Sanders,Sun Feb 28 15:56:39 +0000 2016,,,0.634854853,-87.08018271
Bernie Sanders,Sun Feb 28 15:56:42 +0000 2016,,,0.70210886,9.630924549
Bernie Sanders,Sun Feb 28 15:56:43 +0000 2016,,,0.730811715,50.90556397
Bernie Sanders,Sun Feb 28 15:56:43 +0000 2016,,,0.742440462,67.62767539
Bernie Sanders,Sun Feb 28 15:56:44 +0000 2016,,,0.757910967,89.87422597
Bernie Sanders,Sun Feb 28 15:56:44 +0000 2016,,,0.751841724,81.1466685
Bernie Sanders,Sun Feb 28 15:56:46 +0000 2016,,,0.708456516,18.75883927
Bernie Sanders,Sun Feb 28 15:56:46 +0000 2016,,,0.725663304,43.5021608
Bernie Sanders,Sun Feb 28 15:56:48 +0000 2016,,,0.742440462,67.62767539
Bernie Sanders,Sun Feb 28 15:56:48 +0000 2016,,,0.671470821,-34.42650501
Bernie Sanders,Sun Feb 28 15:56:48 +0000 2016,,,0.746528447,73.50618841
Bernie Sanders,Sun Feb 28 15:56:49 +0000 2016,,,0.734577596,56.32089218
Bernie Sanders,Sun Feb 28 15:56:49 +0000 2016,,,0.681618333,-19.83440611
Bernie Sanders,Sun Feb 28 15:56:49 +0000 2016,,,0.7105546,21.77587923
Bernie Sanders,Sun Feb 28 15:56:49 +0000 2016,,,0.634854853,-87.08018271
Bernie Sanders,Sun Feb 28 15:56:50 +0000 2016,,,0.698071659,3.825438804
Bernie Sanders,Sun Feb 28 15:56:51 +0000 2016,,,0.695921838,0.734001155
Bernie Sanders,Sun Feb 28 15:56:51 +0000 2016,,,0.70210886,9.630924549
Bernie Sanders,Sun Feb 28 15:56:52 +0000 2016,,,0.694723725,-0.988882581
Bernie Sanders,Sun Feb 28 15:56:52 +0000 2016,,,0.663942397,-45.25236139
Bernie Sanders,Sun Feb 28 15:56:52 +0000 2016,,,0.666964054,-40.90722558
Bernie Sanders,Sun Feb 28 15:56:53 +0000 2016,,,0.750149608,78.71340959
Bernie Sanders,Sun Feb 28 15:56:53 +0000 2016,,,0.664699078,-44.16425586
Bernie Sanders,Sun Feb 28 15:56:54 +0000 2016,,,0.664699078,-44.16425586
Bernie Sanders,Sun Feb 28 15:56:54 +0000 2016,,,0.725663304,43.5021608
Bernie Sanders,Sun Feb 28 15:56:55 +0000 2016,,,0.70210886,9.630924549
Bernie Sanders,Sun Feb 28 15:56:57 +0000 2016,,,0.695203304,-0.299249083
Donald Trump,Sun Feb 28 15:04:52 +0000 2016,,,0.725888431,43.82589291
Donald Trump,Sun Feb 28 15:04:52 +0000 2016,,,0.643203557,-75.07476558
Donald Trump,Sun Feb 28 15:04:52 +0000 2016,,,0.699024379,5.195447971
Donald Trump,Sun Feb 28 15:04:52 +0000 2016,,,0.683823407,-16.66351477
Donald Trump,Sun Feb 28 15:04:52 +0000 2016,,,0.706349492,15.7289436
Donald Trump,Sun Feb 28 15:04:52 +0000 2016,,,0.648893595,-66.89250403
Donald Trump,Sun Feb 28 15:04:52 +0000 2016,,,0.722953022,39.60478153
Donald Trump,Sun Feb 28 15:04:53 +0000 2016,,,0.607179046,-126.8779295
Donald Trump,Sun Feb 28 15:04:53 +0000 2016,,,0.671720326,-34.06771739
Donald Trump,Sun Feb 28 15:04:54 +0000 2016,,,0.672031999,-33.61953234
Donald Trump,Sun Feb 28 15:04:54 +0000 2016,,,0.616045117,-114.1285398
Donald Trump,Sun Feb 28 15:04:54 +0000 2016,,,0.686993897,-12.10435745
Donald Trump,Sun Feb 28 15:04:54 +0000 2016,,,0.666964054,-40.90722558
Donald Trump,Sun Feb 28 15:04:54 +0000 2016,,,0.736557603,59.16813769
Donald Trump,Sun Feb 28 15:04:54 +0000 2016,,,0.703290343,11.32989438
Donald Trump,Sun Feb 28 15:04:54 +0000 2016,,,0.629595041,-94.64378026
Donald Trump,Sun Feb 28 15:04:54 +0000 2016,,,0.584988773,-158.787491
Donald Trump,Sun Feb 28 15:04:55 +0000 2016,,,0.691355109,-5.832944636
Donald Trump,Sun Feb 28 15:04:55 +0000 2016,,,0.718628109,33.38556659
Donald Trump,Sun Feb 28 15:04:55 +0000 2016,,,0.704233587,12.68627708
Donald Trump,Sun Feb 28 15:04:55 +0000 2016,,,0.689420938,-8.614278081
Donald Trump,Sun Feb 28 15:04:55 +0000 2016,,,0.70210892,9.631010829
Donald Trump,Sun Feb 28 15:04:55 +0000 2016,,,0.706349492,15.7289436
Donald Trump,Sun Feb 28 15:04:55 +0000 2016,,,0.752263546,81.75324757
Donald Trump,Sun Feb 28 15:04:55 +0000 2016,,,0.655819297,-56.93336049
Donald Trump,Sun Feb 28 15:04:56 +0000 2016,,,0.672218978,-33.35065697
Donald Trump,Sun Feb 28 15:04:56 +0000 2016,,,0.725888431,43.82589291
Donald Trump,Sun Feb 28 15:04:56 +0000 2016,,,0.734136343,55.68637138
Donald Trump,Sun Feb 28 15:04:56 +0000 2016,,,0.615777552,-114.5132976
Donald Trump,Sun Feb 28 15:04:56 +0000 2016,,,0.760804534,94.03516865
Donald Trump,Sun Feb 28 15:04:57 +0000 2016,,,0.671470881,-34.42641873
Donald Trump,Sun Feb 28 15:04:57 +0000 2016,,,0.674954474,-29.41702001
Donald Trump,Sun Feb 28 15:04:57 +0000 2016,,,0.736557603,59.16813769
Donald Trump,Sun Feb 28 15:04:57 +0000 2016,,,0.736777008,59.48364157
Donald Trump,Sun Feb 28 15:04:57 +0000 2016,,,0.691355109,-5.832944636
Donald Trump,Sun Feb 28 15:04:57 +0000 2016,,,0.736557603,59.16813769
Donald Trump,Sun Feb 28 15:04:57 +0000 2016,,,0.640864015,-78.43902159
Donald Trump,Sun Feb 28 15:04:58 +0000 2016,,,0.725888431,43.82589291
Donald Trump,Sun Feb 28 15:04:58 +0000 2016,,,0.724084318,41.23158257
Donald Trump,Sun Feb 28 15:04:58 +0000 2016,,,0.678172112,-24.79006398
Donald Trump,Sun Feb 28 15:04:58 +0000 2016,,,0.656393528,-56.10761764
Donald Trump,Sun Feb 28 15:04:58 +0000 2016,,,0.706349492,15.7289436
Donald Trump,Sun Feb 28 15:04:58 +0000 2016,,,0.452078372,-349.9123417
Donald Trump,Sun Feb 28 15:04:58 +0000 2016,,,0.706349492,15.7289436
Donald Trump,Sun Feb 28 15:04:58 +0000 2016,,,0.69111371,-6.180075842
Donald Trump,Sun Feb 28 15:04:58 +0000 2016,,,0.636949897,-84.06751426
Donald Trump,Sun Feb 28 15:04:58 +0000 2016,,,0.665203094,-43.43948201
Donald Trump,Sun Feb 28 15:04:59 +0000 2016,,,0.622976899,-104.1606532
Donald Trump,Sun Feb 28 15:04:59 +0000 2016,,,0.740706384,65.13407522
Donald Trump,Sun Feb 28 15:04:59 +0000 2016,,,0.706349492,15.7289436
Donald Trump,Sun Feb 28 15:04:59 +0000 2016,,,0.712643683,24.77997577
Donald Trump,Sun Feb 28 15:04:59 +0000 2016,,,0.633805394,-88.58930234
Donald Trump,Sun Feb 28 15:04:59 +0000 2016,,,0.706349492,15.7289436
Donald Trump,Sun Feb 28 15:04:59 +0000 2016,,,0.682599425,-18.42359807
Donald Trump,Sun Feb 28 15:04:59 +0000 2016,,,0.706349492,15.7289436
Donald Trump,Sun Feb 28 15:05:00 +0000 2016,,,0.686993897,-12.10435745
Donald Trump,Sun Feb 28 15:05:00 +0000 2016,,,0.671969712,-33.7091009
Donald Trump,Sun Feb 28 15:05:00 +0000 2016,,,0.701161742,8.268971045
Donald Trump,Sun Feb 28 15:05:00 +0000 2016,,,0.641644597,-77.31654647
Donald Trump,Sun Feb 28 15:05:00 +0000 2016,,,0.686993897,-12.10435745
Donald Trump,Sun Feb 28 15:05:01 +0000 2016,,,0.664699078,-44.16425586
Donald Trump,Sun Feb 28 15:05:01 +0000 2016,,,0.637472808,-83.31556945
Donald Trump,Sun Feb 28 15:05:01 +0000 2016,,,0.6253649,-100.7267133
Donald Trump,Sun Feb 28 15:05:01 +0000 2016,,,0.725888431,43.82589291
Donald Trump,Sun Feb 28 15:05:01 +0000 2016,,,0.641904652,-76.94258798
Donald Trump,Sun Feb 28 15:05:01 +0000 2016,,,0.674954474,-29.41702001
Donald Trump,Sun Feb 28 15:05:01 +0000 2016,,,0.708456516,18.75883927
Donald Trump,Sun Feb 28 15:05:02 +0000 2016,,,0.685044885,-14.90703222
Donald Trump,Sun Feb 28 15:05:02 +0000 2016,,,0.691355109,-5.832944636
Donald Trump,Sun Feb 28 15:05:02 +0000 2016,,,0.656393528,-56.10761764
Donald Trump,Sun Feb 28 15:05:03 +0000 2016,,,0.716794848,30.74934149
Donald Trump,Sun Feb 28 15:05:03 +0000 2016,,,0.699975431,6.563058558
Donald Trump,Sun Feb 28 15:05:03 +0000 2016,,,0.682599366,-18.42368292
Donald Trump,Sun Feb 28 15:05:03 +0000 2016,,,0.634854853,-87.08018271
Donald Trump,Sun Feb 28 15:05:03 +0000 2016,,,0.699975371,6.562972278
Donald Trump,Sun Feb 28 15:05:03 +0000 2016,,,0.669784427,-36.8515357
Donald Trump,Sun Feb 28 15:05:03 +0000 2016,,,0.657858908,-54.00040457
Donald Trump,Sun Feb 28 15:05:03 +0000 2016,,,0.714723825,27.77121518
Donald Trump,Sun Feb 28 15:05:04 +0000 2016,,,0.690388858,-7.222411349
Donald Trump,Sun Feb 28 15:05:04 +0000 2016,,,0.706349492,15.7289436
Donald Trump,Sun Feb 28 15:05:04 +0000 2016,,,0.630978763,-92.65399121
Donald Trump,Sun Feb 28 15:05:04 +0000 2016,,,0.679897666,-22.3087213
Donald Trump,Sun Feb 28 15:05:04 +0000 2016,,,0.706349492,15.7289436
Donald Trump,Sun Feb 28 15:05:05 +0000 2016,,,0.618183136,-111.0540734
Donald Trump,Sun Feb 28 15:05:05 +0000 2016,,,0.689420938,-8.614278081
Donald Trump,Sun Feb 28 15:05:06 +0000 2016,,,0.664699078,-44.16425586
Donald Trump,Sun Feb 28 15:05:06 +0000 2016,,,0.69783324,3.482592831
Donald Trump,Sun Feb 28 15:05:06 +0000 2016,,,0.634854853,-87.08018271
Donald Trump,Sun Feb 28 15:05:06 +0000 2016,,,0.725888431,43.82589291
Donald Trump,Sun Feb 28 15:05:06 +0000 2016,,,0.675946295,-27.9907837
Donald Trump,Sun Feb 28 15:05:06 +0000 2016,,,0.736557603,59.16813769
Donald Trump,Sun Feb 28 15:05:06 +0000 2016,,,0.716794848,30.74934149
Donald Trump,Sun Feb 28 15:05:06 +0000 2016,,,0.708456516,18.75883927
Donald Trump,Sun Feb 28 15:05:06 +0000 2016,,,0.643981874,-73.95554752
Donald Trump,Sun Feb 28 15:05:07 +0000 2016,,,0.660146356,-50.71105961
Donald Trump,Sun Feb 28 15:05:07 +0000 2016,,,0.652236223,-62.08581266
Donald Trump,Sun Feb 28 15:05:07 +0000 2016,,,0.678172112,-24.79006398
Donald Trump,Sun Feb 28 15:05:07 +0000 2016,,,0.620582998,-107.6030773
Donald Trump,Sun Feb 28 15:05:07 +0000 2016,,,0.706349492,15.7289436
Donald Trump,Sun Feb 28 15:05:07 +0000 2016,,,0.651209295,-63.56253276
Donald Trump,Sun Feb 28 15:05:08 +0000 2016,,,0.626424253,-99.2033661
Donald Trump,Sun Feb 28 15:05:08 +0000 2016,,,0.736557603,59.16813769
Donald Trump,Sun Feb 28 15:05:08 +0000 2016,,,0.710787177,22.11032442
Donald Trump,Sun Feb 28 15:05:08 +0000 2016,,,0.656393528,-56.10761764
Donald Trump,Sun Feb 28 15:05:08 +0000 2016,,,0.725888431,43.82589291
Donald Trump,Sun Feb 28 15:05:09 +0000 2016,,,0.684067845,-16.31201349
Donald Trump,Sun Feb 28 15:56:41 +0000 2016,,,0.672717214,-32.63419474
Donald Trump,Sun Feb 28 15:56:41 +0000 2016,,,0.701872289,9.290735996
Donald Trump,Sun Feb 28 15:56:41 +0000 2016,,,0.790116072,136.1850928
Donald Trump,Sun Feb 28 15:56:41 +0000 2016,,,0.693763375,-2.369863671
Donald Trump,Sun Feb 28 15:56:41 +0000 2016,,,0.698071659,3.825438804
Donald Trump,Sun Feb 28 15:56:42 +0000 2016,,,0.592246592,-148.350764
Donald Trump,Sun Feb 28 15:56:42 +0000 2016,,,0.646312356,-70.60431977
Donald Trump,Sun Feb 28 15:56:42 +0000 2016,,,0.736557603,59.16813769
Donald Trump,Sun Feb 28 15:56:42 +0000 2016,,,0.70210886,9.630924549
Donald Trump,Sun Feb 28 15:56:42 +0000 2016,,,0.65811342,-53.6344169
Donald Trump,Sun Feb 28 15:56:42 +0000 2016,,,0.695921838,0.734001155
Donald Trump,Sun Feb 28 15:56:42 +0000 2016,,,0.73918283,62.94320807
Donald Trump,Sun Feb 28 15:56:42 +0000 2016,,,0.620316625,-107.9861211
Donald Trump,Sun Feb 28 15:56:43 +0000 2016,,,0.640864015,-78.43902159
Donald Trump,Sun Feb 28 15:56:43 +0000 2016,,,0.580726266,-164.9169662
Donald Trump,Sun Feb 28 15:56:43 +0000 2016,,,0.630122423,-93.88540616
Donald Trump,Sun Feb 28 15:56:43 +0000 2016,,,0.610949397,-121.4561734
Donald Trump,Sun Feb 28 15:56:43 +0000 2016,,,0.669471681,-37.30126373
Donald Trump,Sun Feb 28 15:56:43 +0000 2016,,,0.592246592,-148.350764
Donald Trump,Sun Feb 28 15:56:43 +0000 2016,,,0.686993897,-12.10435745
Donald Trump,Sun Feb 28 15:56:44 +0000 2016,,,0.618183136,-111.0540734
Donald Trump,Sun Feb 28 15:56:44 +0000 2016,,,0.653581917,-60.15070778
Donald Trump,Sun Feb 28 15:56:44 +0000 2016,,,0.725888431,43.82589291
Donald Trump,Sun Feb 28 15:56:45 +0000 2016,,,0.736557603,59.16813769
Donald Trump,Sun Feb 28 15:56:45 +0000 2016,,,0.691355109,-5.832944636
Donald Trump,Sun Feb 28 15:56:45 +0000 2016,,,0.632491827,-90.47820866
Donald Trump,Sun Feb 28 15:56:45 +0000 2016,,,0.677183807,-26.21124429
Donald Trump,Sun Feb 28 15:56:45 +0000 2016,,,0.632228851,-90.85636754
Donald Trump,Sun Feb 28 15:56:45 +0000 2016,,,0.725888431,43.82589291
Donald Trump,Sun Feb 28 15:56:46 +0000 2016,,,0.659130633,-52.17166695
Donald Trump,Sun Feb 28 15:56:46 +0000 2016,,,0.720909536,36.66625336
Donald Trump,Sun Feb 28 15:56:46 +0000 2016,,,0.710321963,21.44134776
Donald Trump,Sun Feb 28 15:56:46 +0000 2016,,,0.69213891,-4.705840602
Donald Trump,Sun Feb 28 15:56:46 +0000 2016,,,0.673463821,-31.5605756
Donald Trump,Sun Feb 28 15:56:46 +0000 2016,,,0.704469144,13.02500751
Donald Trump,Sun Feb 28 15:56:47 +0000 2016,,,0.725888431,43.82589291
Donald Trump,Sun Feb 28 15:56:47 +0000 2016,,,0.669721901,-36.94144794
Donald Trump,Sun Feb 28 15:56:47 +0000 2016,,,0.70399797,12.34746038
Donald Trump,Sun Feb 28 15:56:47 +0000 2016,,,0.684861839,-15.17025195
Donald Trump,Sun Feb 28 15:56:47 +0000 2016,,,0.613634408,-117.5951338
Donald Trump,Sun Feb 28 15:56:48 +0000 2016,,,0.620582998,-107.6030773
Donald Trump,Sun Feb 28 15:56:48 +0000 2016,,,0.695921838,0.734001155
Donald Trump,Sun Feb 28 15:56:48 +0000 2016,,,0.641904652,-76.94258798
Donald Trump,Sun Feb 28 15:56:48 +0000 2016,,,0.737434566,60.42920846
Donald Trump,Sun Feb 28 15:56:49 +0000 2016,,,0.648893595,-66.89250403
Donald Trump,Sun Feb 28 15:56:49 +0000 2016,,,0.654797316,-58.40296682
Donald Trump,Sun Feb 28 15:56:49 +0000 2016,,,0.724761724,42.20569084
Donald Trump,Sun Feb 28 15:56:49 +0000 2016,,,0.712412059,24.446901
Donald Trump,Sun Feb 28 15:56:49 +0000 2016,,,0.703054309,10.99047803
Donald Trump,Sun Feb 28 15:56:50 +0000 2016,,,0.678172052,-24.79015026
Donald Trump,Sun Feb 28 15:56:50 +0000 2016,,,0.647345901,-69.11808444
Donald Trump,Sun Feb 28 15:56:50 +0000 2016,,,0.645277441,-72.09252516
Donald Trump,Sun Feb 28 15:56:50 +0000 2016,,,0.637472808,-83.31556945
Donald Trump,Sun Feb 28 15:56:50 +0000 2016,,,0.656393528,-56.10761764
Donald Trump,Sun Feb 28 15:56:51 +0000 2016,,,0.701161742,8.268971045
Donald Trump,Sun Feb 28 15:56:51 +0000 2016,,,0.664699078,-44.16425586
Donald Trump,Sun Feb 28 15:56:51 +0000 2016,,,0.677183807,-26.21124429
Donald Trump,Sun Feb 28 15:56:51 +0000 2016,,,0.677183807,-26.21124429
Donald Trump,Sun Feb 28 15:56:51 +0000 2016,,,0.766924798,102.8360942
Donald Trump,Sun Feb 28 15:56:51 +0000 2016,,,0.653261781,-60.61106262
Donald Trump,Sun Feb 28 15:56:51 +0000 2016,,,0.740923584,65.44640832
Donald Trump,Sun Feb 28 15:56:52 +0000 2016,,,0.68675065,-12.45414608
Donald Trump,Sun Feb 28 15:56:52 +0000 2016,,,0.677183807,-26.21124429
Donald Trump,Sun Feb 28 15:56:52 +0000 2016,,,0.664699078,-44.16425586
Donald Trump," he says. https://t.c…,Sun Feb 28 15:56:52 +0000 2016
Donald Trump,703972144858963968,2/28/2016 3:57:21 PM +00:00,RT @RawStory: Trump: ‘It would be very unfair’ to disavow KKK and David Duke until I ‘do research on them’ https://t.co/fjQ7UrwYHw https://…,Sun Feb 28 15:56:53 +0000 2016
Donald Trump,703972145546723329,2/28/2016 3:57:21 PM +00:00,@cheaptrickone @Brycebe57479283 @Di00000000 @charlewar @mama_lirpa buying politicians is corruption and Donald Trump has done it for decades,Sun Feb 28 15:56:53 +0000 2016
Donald Trump,703972145714569216,2/28/2016 3:57:21 PM +00:00,RT @CNNPolitics: .@realDonaldTrump won't disavow the KKK and says he wants more information https://t.co/M3oHFK1HCt #CNNSOTU https://t.co/1…,Sun Feb 28 15:56:53 +0000 2016
Donald Trump,703972145840279552,2/28/2016 3:57:20 PM +00:00,Trump retweets a quote from the founder of Fascism:  The Donald may want to re-think that last tweet. Social m... https://t.co/AcqrQpcZEM,Sun Feb 28 15:56:53 +0000 2016
Donald Trump,703972146964471808,2/28/2016 3:57:20 PM +00:00,I'm not shocked at this point when it comes to Donald Trump's ignorance.,Sun Feb 28 15:56:53 +0000 2016
Donald Trump,703972147383955456,2/28/2016 3:57:20 PM +00:00,RT @chescaleigh: hey @realDonaldTrump you don't know about the KKK"" but your dad was arrested with them in 1927? https://t.co/3ePgd1WwSW",Sun Feb 28 15:56:53 +0000 2016,,0.66444695,-44.52681534
Donald Trump,Sun Feb 28 15:56:53 +0000 2016,,,0.677183807,-26.21124429
Donald Trump,Sun Feb 28 15:56:53 +0000 2016,,,0.646570861,-70.23259017
Donald Trump,Sun Feb 28 15:56:53 +0000 2016,,,0.703762233,12.00847112
Donald Trump,Sun Feb 28 15:56:54 +0000 2016,,,0.668469727,-38.74207127
Donald Trump,Sun Feb 28 15:56:54 +0000 2016,,,0.690630555,-6.87485162
Donald Trump,Sun Feb 28 15:56:54 +0000 2016,,,0.653581917,-60.15070778
Donald Trump,Sun Feb 28 15:56:54 +0000 2016,,,0.630122423,-93.88540616
Donald Trump,Sun Feb 28 15:56:54 +0000 2016,,,0.679405153,-23.01695386
Donald Trump,Sun Feb 28 15:56:54 +0000 2016,,,0.592246592,-148.350764
Donald Trump,Sun Feb 28 15:56:54 +0000 2016,,,0.668469727,-38.74207127
Donald Trump,Sun Feb 28 15:56:54 +0000 2016,,,0.668469727,-38.74207127
Donald Trump,Sun Feb 28 15:56:55 +0000 2016,,,0.658622205,-52.90278524
Donald Trump,Sun Feb 28 15:56:55 +0000 2016,,,0.634592593,-87.45731199
Donald Trump,Sun Feb 28 15:56:55 +0000 2016,,,0.664951086,-43.80186893
Donald Trump,Sun Feb 28 15:56:55 +0000 2016,,,0.630978763,-92.65399121
Donald Trump,Sun Feb 28 15:56:55 +0000 2016,,,0.668469727,-38.74207127
Donald Trump,Sun Feb 28 15:56:55 +0000 2016,,,0.69213891,-4.705840602
Donald Trump,Sun Feb 28 15:56:55 +0000 2016,,,0.657858849,-54.00048941
Donald Trump,Sun Feb 28 15:56:55 +0000 2016,,,0.617381871,-112.2062906
Donald Trump,Sun Feb 28 15:56:55 +0000 2016,,,0.668469727,-38.74207127
Donald Trump,Sun Feb 28 15:56:56 +0000 2016,,,0.592246592,-148.350764
Donald Trump,Sun Feb 28 15:56:56 +0000 2016,,,0.617381871,-112.2062906
Donald Trump,Sun Feb 28 15:56:56 +0000 2016,,,0.617381871,-112.2062906
Donald Trump,Sun Feb 28 15:56:56 +0000 2016,,,0.671470881,-34.42641873
Donald Trump,Sun Feb 28 15:56:56 +0000 2016,,,0.695921838,0.734001155
Donald Trump,Sun Feb 28 15:56:56 +0000 2016,,,0.677431047,-25.85571374
Donald Trump,Sun Feb 28 15:56:56 +0000 2016,,,0.634592593,-87.45731199
Donald Trump,Sun Feb 28 15:56:57 +0000 2016,,,0.679897666,-22.3087213
Donald Trump,Sun Feb 28 15:56:57 +0000 2016,,,0.694963574,-0.643980272
Hillary Clinton,Sun Feb 28 15:03:58 +0000 2016,,,0.654541612,-58.77066858
Hillary Clinton,Sun Feb 28 15:03:58 +0000 2016,,,0.634592593,-87.45731199
Hillary Clinton,Sun Feb 28 15:03:58 +0000 2016,,,0.706349492,15.7289436
Hillary Clinton,Sun Feb 28 15:04:01 +0000 2016,,,0.708690107,19.09474259
Hillary Clinton,Sun Feb 28 15:04:01 +0000 2016,,,0.710787177,22.11032442
Hillary Clinton,Sun Feb 28 15:04:02 +0000 2016,,,0.579072952,-167.2944279
Hillary Clinton,Sun Feb 28 15:04:03 +0000 2016,,,0.646570861,-70.23259017
Hillary Clinton,Sun Feb 28 15:04:03 +0000 2016,,,0.712875307,25.11305055
Hillary Clinton,Sun Feb 28 15:04:03 +0000 2016,,,0.704233587,12.68627708
Hillary Clinton,Sun Feb 28 15:04:04 +0000 2016,,,0.733252287,54.41510089
Hillary Clinton,Sun Feb 28 15:04:04 +0000 2016,,,0.69352299,-2.715536748
Hillary Clinton,Sun Feb 28 15:04:04 +0000 2016,,,0.742872775,68.24934049
Hillary Clinton,Sun Feb 28 15:04:04 +0000 2016,,,0.695682406,0.38969849
Hillary Clinton,Sun Feb 28 15:04:05 +0000 2016,,,0.722726405,39.2789068
Hillary Clinton,Sun Feb 28 15:04:05 +0000 2016,,,0.722272873,38.62672883
Hillary Clinton,Sun Feb 28 15:04:06 +0000 2016,,,0.70210886,9.630924549
Hillary Clinton,Sun Feb 28 15:04:07 +0000 2016,,,0.733252287,54.41510089
Hillary Clinton,Sun Feb 28 15:04:07 +0000 2016,,,0.748236835,75.96284642
Hillary Clinton,Sun Feb 28 15:04:08 +0000 2016,,,0.757910967,89.87422597
Hillary Clinton,Sun Feb 28 15:04:09 +0000 2016,,,0.70210886,9.630924549
Hillary Clinton,Sun Feb 28 15:04:10 +0000 2016,,,0.708456516,18.75883927
Hillary Clinton,Sun Feb 28 15:04:11 +0000 2016,,,0.64966625,-65.78142792
Hillary Clinton,Sun Feb 28 15:04:12 +0000 2016,,,0.732809603,53.77852232
Hillary Clinton,Sun Feb 28 15:04:13 +0000 2016,,,0.70210886,9.630924549
Hillary Clinton,Sun Feb 28 15:04:14 +0000 2016,,,0.70210886,9.630924549
Hillary Clinton,Sun Feb 28 15:04:14 +0000 2016,,,0.702581823,10.31104425
Hillary Clinton,Sun Feb 28 15:04:15 +0000 2016,,,0.70187223,9.290651154
Hillary Clinton,Sun Feb 28 15:04:15 +0000 2016,,,0.660146415,-50.71097477
Hillary Clinton,Sun Feb 28 15:04:15 +0000 2016,,,0.720909476,36.66616708
Hillary Clinton,Sun Feb 28 15:04:15 +0000 2016,,,0.704233587,12.68627708
Hillary Clinton,Sun Feb 28 15:04:16 +0000 2016,,,0.661667287,-48.52396434
Hillary Clinton,Sun Feb 28 15:04:16 +0000 2016,,,0.661667287,-48.52396434
Hillary Clinton,Sun Feb 28 15:04:16 +0000 2016,,,0.661667287,-48.52396434
Hillary Clinton,Sun Feb 28 15:04:16 +0000 2016,,,0.690388858,-7.222411349
Hillary Clinton,Sun Feb 28 15:04:18 +0000 2016,,,0.661667287,-48.52396434
Hillary Clinton,Sun Feb 28 15:04:18 +0000 2016,,,0.724084318,41.23158257
Hillary Clinton,Sun Feb 28 15:04:19 +0000 2016,,,0.691355109,-5.832944636
Hillary Clinton,Sun Feb 28 15:04:19 +0000 2016,,,0.706349492,15.7289436
Hillary Clinton,Sun Feb 28 15:04:19 +0000 2016,,,0.686993897,-12.10435745
Hillary Clinton,Sun Feb 28 15:04:19 +0000 2016,,,0.701161742,8.268971045
Hillary Clinton,Sun Feb 28 15:04:20 +0000 2016,,,0.686993897,-12.10435745
Hillary Clinton,Sun Feb 28 15:04:20 +0000 2016,,,0.660146415,-50.71097477
Hillary Clinton,Sun Feb 28 15:04:20 +0000 2016,,,0.673463821,-31.5605756
Hillary Clinton,Sun Feb 28 15:04:21 +0000 2016,,,0.691355109,-5.832944636
Hillary Clinton,Sun Feb 28 15:04:21 +0000 2016,,,0.660400093,-50.34618639
Hillary Clinton,Sun Feb 28 15:04:21 +0000 2016,,,0.673961103,-30.84548523
Hillary Clinton,Sun Feb 28 15:04:21 +0000 2016,,,0.689178705,-8.962608578
Hillary Clinton,Sun Feb 28 15:04:21 +0000 2016,,,0.660400093,-50.34618639
Hillary Clinton,Sun Feb 28 15:04:22 +0000 2016,,,0.684800804,-15.25802014
Hillary Clinton,Sun Feb 28 15:04:22 +0000 2016,,,0.708456516,18.75883927
Hillary Clinton,Sun Feb 28 15:04:22 +0000 2016,,,0.671470821,-34.42650501
Hillary Clinton,Sun Feb 28 15:04:22 +0000 2016,,,0.750573397,79.3228172
Hillary Clinton,Sun Feb 28 15:04:23 +0000 2016,,,0.660400093,-50.34618639
Hillary Clinton,Sun Feb 28 15:04:23 +0000 2016,,,0.711019635,22.44459849
Hillary Clinton,Sun Feb 28 15:04:23 +0000 2016,,,0.686993897,-12.10435745
Hillary Clinton,Sun Feb 28 15:04:23 +0000 2016,,,0.733252287,54.41510089
Hillary Clinton,Sun Feb 28 15:04:23 +0000 2016,,,0.622976899,-104.1606532
Hillary Clinton,Sun Feb 28 15:04:24 +0000 2016,,,0.6828444,-18.07132459
Hillary Clinton,Sun Feb 28 15:04:24 +0000 2016,,,0.680389822,-21.6010021
Hillary Clinton,Sun Feb 28 15:04:25 +0000 2016,,,0.660400093,-50.34618639
Hillary Clinton,Sun Feb 28 15:04:26 +0000 2016,,,0.662679374,-47.06858556
Hillary Clinton,Sun Feb 28 15:04:27 +0000 2016,,,0.678418875,-24.43521935
Hillary Clinton,Sun Feb 28 15:04:27 +0000 2016,,,0.682599366,-18.42368292
Hillary Clinton,Sun Feb 28 15:04:29 +0000 2016,,,0.6862638,-13.15423526
Hillary Clinton,Sun Feb 28 15:04:29 +0000 2016,,,0.691596389,-5.485984551
Hillary Clinton,Sun Feb 28 15:04:30 +0000 2016,,,0.660146415,-50.71097477
Hillary Clinton,Sun Feb 28 15:04:30 +0000 2016,,,0.661667287,-48.52396434
Hillary Clinton,Sun Feb 28 15:04:31 +0000 2016,,,0.741194844,65.83647957
Hillary Clinton,Sun Feb 28 15:04:33 +0000 2016,,,0.698310018,4.168198498
Hillary Clinton,Sun Feb 28 15:04:35 +0000 2016,,,0.686993897,-12.10435745
Hillary Clinton,Sun Feb 28 15:04:35 +0000 2016,,,0.718856752,33.71435469
Hillary Clinton,Sun Feb 28 15:04:37 +0000 2016,,,0.691837549,-5.139197026
Hillary Clinton,Sun Feb 28 15:04:39 +0000 2016,,,0.736996293,59.7989729
Hillary Clinton,Sun Feb 28 15:04:41 +0000 2016,,,0.634854853,-87.08018271
Hillary Clinton,Sun Feb 28 15:04:42 +0000 2016,,,0.634854853,-87.08018271
Hillary Clinton,Sun Feb 28 15:04:42 +0000 2016,,,0.733252287,54.41510089
Hillary Clinton,Sun Feb 28 15:04:44 +0000 2016,,,0.717941523,32.3982575
Hillary Clinton,Sun Feb 28 15:04:45 +0000 2016,,,0.684800804,-15.25802014
Hillary Clinton,Sun Feb 28 15:04:48 +0000 2016,,,0.695682406,0.38969849
Hillary Clinton,Sun Feb 28 15:04:48 +0000 2016,,,0.70187223,9.290651154
Hillary Clinton,Sun Feb 28 15:04:49 +0000 2016,,,0.691355109,-5.832944636
Hillary Clinton,Sun Feb 28 15:04:49 +0000 2016,,,0.630385995,-93.50639023
Hillary Clinton,Sun Feb 28 15:04:51 +0000 2016,,,0.680389822,-21.6010021
Hillary Clinton,Sun Feb 28 15:04:51 +0000 2016,,,0.682599425,-18.42359807
Hillary Clinton,Sun Feb 28 15:04:53 +0000 2016,,,0.715242445,28.51698955
Hillary Clinton,Sun Feb 28 15:04:54 +0000 2016,,,0.70210892,9.631010829
Hillary Clinton,Sun Feb 28 15:04:55 +0000 2016,,,0.778640389,119.6830871
Hillary Clinton,Sun Feb 28 15:04:57 +0000 2016,,,0.736777008,59.48364157
Hillary Clinton,Sun Feb 28 15:04:59 +0000 2016,,,0.71380049,26.44346158
Hillary Clinton,Sun Feb 28 15:05:01 +0000 2016,,,0.70187223,9.290651154
Hillary Clinton,Sun Feb 28 15:05:01 +0000 2016,,,0.66821903,-39.10257298
Hillary Clinton,Sun Feb 28 15:05:01 +0000 2016,,,0.70187223,9.290651154
Hillary Clinton,Sun Feb 28 15:05:01 +0000 2016,,,0.70187223,9.290651154
Hillary Clinton,Sun Feb 28 15:05:03 +0000 2016,,,0.738091052,61.37323382
Hillary Clinton,Sun Feb 28 15:05:03 +0000 2016,,,0.691355109,-5.832944636
Hillary Clinton,Sun Feb 28 15:05:06 +0000 2016,,,0.733252287,54.41510089
Hillary Clinton,Sun Feb 28 15:05:07 +0000 2016,,,0.708456516,18.75883927
Hillary Clinton,Sun Feb 28 15:05:07 +0000 2016,,,0.669221342,-37.66125063
Hillary Clinton,Sun Feb 28 15:05:08 +0000 2016,,,0.686993897,-12.10435745
Hillary Clinton,Sun Feb 28 15:05:08 +0000 2016,,,0.70187223,9.290651154
Hillary Clinton,Sun Feb 28 15:55:51 +0000 2016,,,0.748236835,75.96284642
Hillary Clinton,Sun Feb 28 15:55:52 +0000 2016,,,0.634854853,-87.08018271
Hillary Clinton,Sun Feb 28 15:55:52 +0000 2016,,,0.695682406,0.38969849
Hillary Clinton,Sun Feb 28 15:55:52 +0000 2016,,,0.662679374,-47.06858556
Hillary Clinton,Sun Feb 28 15:55:52 +0000 2016,,,0.708456516,18.75883927
Hillary Clinton,Sun Feb 28 15:55:53 +0000 2016,,,0.743736029,69.49069775
Hillary Clinton,Sun Feb 28 15:55:53 +0000 2016,,,0.669221342,-37.66125063
Hillary Clinton,Sun Feb 28 15:55:53 +0000 2016,,,0.757703364,89.57569333
Hillary Clinton,Sun Feb 28 15:55:54 +0000 2016,,,0.625696003,-100.2505879
Hillary Clinton,Sun Feb 28 15:55:55 +0000 2016,,,0.704469144,13.02500751
Hillary Clinton,Sun Feb 28 15:55:56 +0000 2016,,,0.750149667,78.71349443
Hillary Clinton,Sun Feb 28 15:55:56 +0000 2016,,,0.737434566,60.42920846
Hillary Clinton,Sun Feb 28 15:55:56 +0000 2016,,,0.754365385,84.77568721
Hillary Clinton,Sun Feb 28 15:55:57 +0000 2016,,,0.682599366,-18.42368292
Hillary Clinton,Sun Feb 28 15:55:57 +0000 2016,,,0.680635691,-21.24744305
Hillary Clinton,Sun Feb 28 15:55:57 +0000 2016,,,0.684556544,-15.60926546
Hillary Clinton,Sun Feb 28 15:55:57 +0000 2016,,,0.730811715,50.90556397
Hillary Clinton,Sun Feb 28 15:55:58 +0000 2016,,,0.658685803,-52.81133146
Hillary Clinton,Sun Feb 28 15:55:59 +0000 2016,,,0.738746464,62.31571477
Hillary Clinton,Sun Feb 28 15:56:02 +0000 2016,,,0.69352299,-2.715536748
Hillary Clinton,Sun Feb 28 15:56:02 +0000 2016,,,0.711019635,22.44459849
Hillary Clinton,Sun Feb 28 15:56:02 +0000 2016,,,0.732588112,53.46001877
Hillary Clinton,Sun Feb 28 15:56:02 +0000 2016,,,0.700034797,6.648426729
Hillary Clinton,Sun Feb 28 15:56:03 +0000 2016,,,0.750149667,78.71349443
Hillary Clinton,Sun Feb 28 15:56:04 +0000 2016,,,0.692560554,-4.0995175
Hillary Clinton,Sun Feb 28 15:56:04 +0000 2016,,,0.711019635,22.44459849
Hillary Clinton,Sun Feb 28 15:56:04 +0000 2016,,,0.756246805,87.48116484
Hillary Clinton,Sun Feb 28 15:56:05 +0000 2016,,,0.776684761,116.8708985
Hillary Clinton,Sun Feb 28 15:56:07 +0000 2016,,,0.70210886,9.630924549
Hillary Clinton,Sun Feb 28 15:56:08 +0000 2016,,,0.742656708,67.93863664
Hillary Clinton,Sun Feb 28 15:56:09 +0000 2016,,,0.706349492,15.7289436
Hillary Clinton,Sun Feb 28 15:56:10 +0000 2016,,,0.676936507,-26.56686112
Hillary Clinton,Sun Feb 28 15:56:11 +0000 2016,,,0.717941463,32.39817122
Hillary Clinton,Sun Feb 28 15:56:11 +0000 2016,,,0.733252287,54.41510089
Hillary Clinton,Sun Feb 28 15:56:13 +0000 2016,,,0.724987268,42.53002259
Hillary Clinton,Sun Feb 28 15:56:14 +0000 2016,,,0.761421502,94.92236722
Hillary Clinton,Sun Feb 28 15:56:14 +0000 2016,,,0.659130633,-52.17166695
Hillary Clinton,Sun Feb 28 15:56:15 +0000 2016,,,0.689178705,-8.962608578
Hillary Clinton,Sun Feb 28 15:56:15 +0000 2016,,,0.694483817,-1.333869733
Hillary Clinton,Sun Feb 28 15:56:16 +0000 2016,,,0.718628109,33.38556659
Hillary Clinton,Sun Feb 28 15:56:16 +0000 2016,,,0.722953022,39.60478153
Hillary Clinton,Sun Feb 28 15:56:18 +0000 2016,,,0.757703364,89.57569333
Hillary Clinton,Sun Feb 28 15:56:20 +0000 2016,,,0.740923584,65.44640832
Hillary Clinton,Sun Feb 28 15:56:20 +0000 2016,,,0.734798074,56.63793904
Hillary Clinton,Sun Feb 28 15:56:20 +0000 2016,,,0.689420938,-8.614278081
Hillary Clinton,Sun Feb 28 15:56:21 +0000 2016,,,0.726563096,44.79605963
Hillary Clinton,Sun Feb 28 15:56:21 +0000 2016,,,0.75977385,92.55304743
Hillary Clinton,Sun Feb 28 15:56:22 +0000 2016,,,0.582377672,-162.5422482
Hillary Clinton,Sun Feb 28 15:56:22 +0000 2016,,,0.716794848,30.74934149
Hillary Clinton,Sun Feb 28 15:56:23 +0000 2016,,,0.708456516,18.75883927
Hillary Clinton,Sun Feb 28 15:56:23 +0000 2016,,,0.717941523,32.3982575
Hillary Clinton,Sun Feb 28 15:56:24 +0000 2016,,,0.673712552,-31.20290099
Hillary Clinton,Sun Feb 28 15:56:24 +0000 2016,,,0.738964736,62.6295894
Hillary Clinton,Sun Feb 28 15:56:25 +0000 2016,,,0.706349492,15.7289436
Hillary Clinton,Sun Feb 28 15:56:26 +0000 2016,,,0.641904593,-76.94267282
Hillary Clinton,Sun Feb 28 15:56:26 +0000 2016,,,0.673961103,-30.84548523
Hillary Clinton,Sun Feb 28 15:56:26 +0000 2016,,,0.73918283,62.94320807
Hillary Clinton,Sun Feb 28 15:56:26 +0000 2016,,,0.646570861,-70.23259017
Hillary Clinton,Sun Feb 28 15:56:27 +0000 2016,,,0.686993897,-12.10435745
Hillary Clinton,Sun Feb 28 15:56:27 +0000 2016,,,0.718856752,33.71435469
Hillary Clinton,Sun Feb 28 15:56:27 +0000 2016,,,0.707521141,17.41377217
Hillary Clinton,Sun Feb 28 15:56:27 +0000 2016,,,0.712875307,25.11305055
Hillary Clinton,Sun Feb 28 15:56:29 +0000 2016,,,0.683823407,-16.66351477
Hillary Clinton,Sun Feb 28 15:56:29 +0000 2016,,,0.733252287,54.41510089
Hillary Clinton,Sun Feb 28 15:56:30 +0000 2016,,,0.726787746,45.11910581
Hillary Clinton,Sun Feb 28 15:56:31 +0000 2016,,,0.7105546,21.77587923
Hillary Clinton,Sun Feb 28 15:56:31 +0000 2016,,,0.7105546,21.77587923
Hillary Clinton,Sun Feb 28 15:56:32 +0000 2016,,,0.754365385,84.77568721
Hillary Clinton,Sun Feb 28 15:56:33 +0000 2016,,,0.712875307,25.11305055
Hillary Clinton,Sun Feb 28 15:56:33 +0000 2016,,,0.673401654,-31.6499716
Hillary Clinton,Sun Feb 28 15:56:33 +0000 2016,,,0.708456516,18.75883927
Hillary Clinton,Sun Feb 28 15:56:33 +0000 2016,,,0.667215228,-40.54603795
Hillary Clinton,Sun Feb 28 15:56:34 +0000 2016,,,0.758118391,90.1725012
Hillary Clinton,Sun Feb 28 15:56:34 +0000 2016,,,0.733252287,54.41510089
Hillary Clinton,Sun Feb 28 15:56:35 +0000 2016,,,0.724536061,41.88118796
Hillary Clinton,Sun Feb 28 15:56:36 +0000 2016,,,0.681188643,-20.45229934
Hillary Clinton,Sun Feb 28 15:56:36 +0000 2016,,,0.716794848,30.74934149
Hillary Clinton,Sun Feb 28 15:56:37 +0000 2016,,,0.771841526,109.9063377
Hillary Clinton,Sun Feb 28 15:56:37 +0000 2016,,,0.69352299,-2.715536748
Hillary Clinton,Sun Feb 28 15:56:38 +0000 2016,,,0.738746464,62.31571477
Hillary Clinton,Sun Feb 28 15:56:41 +0000 2016,,,0.718856752,33.71435469
Hillary Clinton," 'Smart Power' and a Dictator's Fall"" https://t.co/KsfLGvQ5MH-",Sun Feb 28 15:56:41 +0000 2016,,0.725212753,42.8542695
Hillary Clinton,Sun Feb 28 15:56:42 +0000 2016,,,0.722953022,39.60478153
Hillary Clinton,Sun Feb 28 15:56:43 +0000 2016,,,0.753946006,84.17262118
Hillary Clinton,Sun Feb 28 15:56:44 +0000 2016,,,0.772339106,110.6218566
Hillary Clinton,Sun Feb 28 15:56:45 +0000 2016,,,0.718856752,33.71435469
Hillary Clinton,Sun Feb 28 15:56:46 +0000 2016,,,0.680635691,-21.24744305
Hillary Clinton,Sun Feb 28 15:56:47 +0000 2016,,,0.686993897,-12.10435745
Hillary Clinton,Sun Feb 28 15:56:48 +0000 2016,,,0.717941523,32.3982575
Hillary Clinton,Sun Feb 28 15:56:48 +0000 2016,,,0.742440462,67.62767539
Hillary Clinton,Sun Feb 28 15:56:49 +0000 2016,,,0.751841724,81.1466685
Hillary Clinton,Sun Feb 28 15:56:50 +0000 2016,,,0.774519324,113.7570051
Hillary Clinton,Sun Feb 28 15:56:50 +0000 2016,,,0.708456516,18.75883927
Hillary Clinton,Sun Feb 28 15:56:50 +0000 2016,,,0.692560554,-4.0995175
Hillary Clinton,Sun Feb 28 15:56:51 +0000 2016,,,0.689420938,-8.614278081
Hillary Clinton,Sun Feb 28 15:56:51 +0000 2016,,,0.742440462,67.62767539
Hillary Clinton,Sun Feb 28 15:56:53 +0000 2016,,,0.734577596,56.32089218
Hillary Clinton,Sun Feb 28 15:56:57 +0000 2016,,,0.727012277,45.44198087
Hillary Clinton,Sun Feb 28 15:56:57 +0000 2016,,,0.678172052,-24.79015026
Hillary Clinton," 'Smart Power' and a Dictator's Fall"" https://t.co/KsfLGvQ5MH-",Sun Feb 28 15:56:57 +0000 2016,,0.667215228,-40.54603795
John Kasich,Sun Feb 28 15:00:16 +0000 2016,,,0.653261781,-60.61106262
John Kasich,Sun Feb 28 15:00:16 +0000 2016,,,0.740923584,65.44640832
John Kasich,Sun Feb 28 15:00:18 +0000 2016,,,0.750149608,78.71340959
John Kasich,Sun Feb 28 15:00:20 +0000 2016,,,0.710787177,22.11032442
John Kasich,Sun Feb 28 15:00:21 +0000 2016,,,0.725212753,42.8542695
John Kasich,Sun Feb 28 15:00:22 +0000 2016,,,0.704233587,12.68627708
John Kasich,Sun Feb 28 15:00:27 +0000 2016,,,0.675946295,-27.9907837
John Kasich,Sun Feb 28 15:00:28 +0000 2016,,,0.613366246,-117.9807501
John Kasich,Sun Feb 28 15:00:29 +0000 2016,,,0.613366246,-117.9807501
John Kasich,Sun Feb 28 15:00:29 +0000 2016,,,0.641904652,-76.94258798
John Kasich,Sun Feb 28 15:00:31 +0000 2016,,,0.613366246,-117.9807501
John Kasich,Sun Feb 28 15:00:38 +0000 2016,,,0.629858732,-94.26459321
John Kasich,Sun Feb 28 15:00:38 +0000 2016,,,0.613366246,-117.9807501
John Kasich,Sun Feb 28 15:00:40 +0000 2016,,,0.740706384,65.13407522
John Kasich,Sun Feb 28 15:00:50 +0000 2016,,,0.738964736,62.6295894
John Kasich,Sun Feb 28 15:00:50 +0000 2016,,,0.629858732,-94.26459321
John Kasich,Sun Feb 28 15:00:56 +0000 2016,,,0.613366246,-117.9807501
John Kasich,Sun Feb 28 15:00:56 +0000 2016,,,0.629858732,-94.26459321
John Kasich,Sun Feb 28 15:00:57 +0000 2016,,,0.673712552,-31.20290099
John Kasich,Sun Feb 28 15:00:58 +0000 2016,,,0.622976959,-104.1605669
John Kasich,Sun Feb 28 15:01:08 +0000 2016,,,0.613366246,-117.9807501
John Kasich,Sun Feb 28 15:01:13 +0000 2016,,,0.629858792,-94.26450693
John Kasich,Sun Feb 28 15:01:17 +0000 2016,,,0.66821903,-39.10257298
John Kasich,Sun Feb 28 15:01:17 +0000 2016,,,0.683578789,-17.0152749
John Kasich,Sun Feb 28 15:01:25 +0000 2016,,,0.603666484,-131.9289855
John Kasich,Sun Feb 28 15:01:27 +0000 2016,,,0.685776532,-13.85492552
John Kasich,Sun Feb 28 15:01:35 +0000 2016,,,0.69111371,-6.180075842
John Kasich,Sun Feb 28 15:01:53 +0000 2016,,,0.673712552,-31.20290099
John Kasich,Sun Feb 28 15:01:55 +0000 2016,,,0.678172052,-24.79015026
John Kasich,Sun Feb 28 15:02:02 +0000 2016,,,0.620316625,-107.9861211
John Kasich,Sun Feb 28 15:02:06 +0000 2016,,,0.629858732,-94.26459321
John Kasich,Sun Feb 28 15:02:13 +0000 2016,,,0.740706384,65.13407522
John Kasich,Sun Feb 28 15:02:13 +0000 2016,,,0.722953022,39.60478153
John Kasich,Sun Feb 28 15:02:14 +0000 2016,,,0.671470881,-34.42641873
John Kasich,Sun Feb 28 15:02:18 +0000 2016,,,0.657858849,-54.00048941
John Kasich,Sun Feb 28 15:02:20 +0000 2016,,,0.671470881,-34.42641873
John Kasich,Sun Feb 28 15:02:21 +0000 2016,,,0.636949897,-84.06751426
John Kasich,Sun Feb 28 15:02:25 +0000 2016,,,0.691596389,-5.485984551
John Kasich,Sun Feb 28 15:02:30 +0000 2016,,,0.684800744,-15.25810642
John Kasich,Sun Feb 28 15:02:35 +0000 2016,,,0.600957155,-135.8249944
John Kasich,Sun Feb 28 15:02:35 +0000 2016,,,0.627746701,-97.30168892
John Kasich,Sun Feb 28 15:02:37 +0000 2016,,,0.669471681,-37.30126373
John Kasich,Sun Feb 28 15:02:37 +0000 2016,,,0.613366246,-117.9807501
John Kasich,Sun Feb 28 15:02:38 +0000 2016,,,0.740706384,65.13407522
John Kasich,Sun Feb 28 15:02:39 +0000 2016,,,0.65811342,-53.6344169
John Kasich,Sun Feb 28 15:02:40 +0000 2016,,,0.650952339,-63.9320349
John Kasich,Sun Feb 28 15:02:40 +0000 2016,,,0.629858732,-94.26459321
John Kasich,Sun Feb 28 15:02:40 +0000 2016,,,0.634592593,-87.45731199
John Kasich,Sun Feb 28 15:02:41 +0000 2016,,,0.629858732,-94.26459321
John Kasich,Sun Feb 28 15:02:41 +0000 2016,,,0.600957155,-135.8249944
John Kasich,Sun Feb 28 15:02:42 +0000 2016,,,0.669471681,-37.30126373
John Kasich,Sun Feb 28 15:02:44 +0000 2016,,,0.629858732,-94.26459321
John Kasich,Sun Feb 28 15:02:44 +0000 2016,,,0.629858732,-94.26459321
John Kasich,Sun Feb 28 15:02:45 +0000 2016,,,0.629858732,-94.26459321
John Kasich,Sun Feb 28 15:03:08 +0000 2016,,,0.629858732,-94.26459321
John Kasich,Sun Feb 28 15:03:10 +0000 2016,,,0.629858732,-94.26459321
John Kasich,Sun Feb 28 15:03:14 +0000 2016,,,0.629858732,-94.26459321
John Kasich,Sun Feb 28 15:03:16 +0000 2016,,,0.629858732,-94.26459321
John Kasich,Sun Feb 28 15:03:16 +0000 2016,,,0.629858732,-94.26459321
John Kasich,Sun Feb 28 15:03:33 +0000 2016,,,0.650695324,-64.30162187
John Kasich,Sun Feb 28 15:03:34 +0000 2016,,,0.596064925,-142.8600099
John Kasich,Sun Feb 28 15:03:41 +0000 2016,,,0.669471681,-37.30126373
John Kasich,Sun Feb 28 15:03:46 +0000 2016,,,0.740706384,65.13407522
John Kasich,Sun Feb 28 15:03:51 +0000 2016,,,0.629858732,-94.26459321
John Kasich,Sun Feb 28 15:03:59 +0000 2016,,,0.666964054,-40.90722558
John Kasich,Sun Feb 28 15:04:05 +0000 2016,,,0.629858732,-94.26459321
John Kasich,Sun Feb 28 15:04:07 +0000 2016,,,0.66217351,-47.79601683
John Kasich,Sun Feb 28 15:04:10 +0000 2016,,,0.646570861,-70.23259017
John Kasich,Sun Feb 28 15:04:14 +0000 2016,,,0.709623218,20.43655406
John Kasich,Sun Feb 28 15:04:16 +0000 2016,,,0.629858732,-94.26459321
John Kasich,Sun Feb 28 15:04:19 +0000 2016,,,0.646570861,-70.23259017
John Kasich,Sun Feb 28 15:04:19 +0000 2016,,,0.732809603,53.77852232
John Kasich,Sun Feb 28 15:04:23 +0000 2016,,,0.740706384,65.13407522
John Kasich,Sun Feb 28 15:04:28 +0000 2016,,,0.666964054,-40.90722558
John Kasich,Sun Feb 28 15:04:29 +0000 2016,,,0.666964054,-40.90722558
John Kasich,Sun Feb 28 15:04:31 +0000 2016,,,0.666964054,-40.90722558
John Kasich,Sun Feb 28 15:04:37 +0000 2016,,,0.666964054,-40.90722558
John Kasich,Sun Feb 28 15:04:47 +0000 2016,,,0.675946295,-27.9907837
John Kasich,Sun Feb 28 15:04:49 +0000 2016,,,0.666964054,-40.90722558
John Kasich,Sun Feb 28 15:04:54 +0000 2016,,,0.668970883,-38.0214101
John Kasich,Sun Feb 28 15:04:59 +0000 2016,,,0.716335416,30.08867933
John Kasich,Sun Feb 28 15:05:03 +0000 2016,,,0.69304198,-3.40722802
John Kasich,Sun Feb 28 15:05:06 +0000 2016,,,0.653261721,-60.6111489
John Kasich,Sun Feb 28 15:05:11 +0000 2016,,,0.666964054,-40.90722558
John Kasich,Sun Feb 28 15:36:19 +0000 2016,,,0.666964054,-40.90722558
John Kasich,Sun Feb 28 15:36:22 +0000 2016,,,0.666964054,-40.90722558
John Kasich,Sun Feb 28 15:36:32 +0000 2016,,,0.740706384,65.13407522
John Kasich,Sun Feb 28 15:36:33 +0000 2016,,,0.634854853,-87.08018271
John Kasich,Sun Feb 28 15:36:34 +0000 2016,,,0.675946295,-27.9907837
John Kasich,Sun Feb 28 15:37:06 +0000 2016,,,0.634854853,-87.08018271
John Kasich,Sun Feb 28 15:37:16 +0000 2016,,,0.645536244,-71.72036704
John Kasich,Sun Feb 28 15:37:22 +0000 2016,,,0.684800744,-15.25810642
John Kasich,Sun Feb 28 15:37:44 +0000 2016,,,0.70210886,9.630924549
John Kasich,Sun Feb 28 15:37:56 +0000 2016,,,0.670721889,-35.5034675
John Kasich,Sun Feb 28 15:38:31 +0000 2016,,,0.665203094,-43.43948201
John Kasich,Sun Feb 28 15:38:43 +0000 2016,,,0.714723825,27.77121518
John Kasich,Sun Feb 28 15:38:59 +0000 2016,,,0.680389822,-21.6010021
John Kasich,Sun Feb 28 15:39:10 +0000 2016,,,0.684800744,-15.25810642
John Kasich,Sun Feb 28 15:39:17 +0000 2016,,,0.70210886,9.630924549
John Kasich,Sun Feb 28 15:39:36 +0000 2016,,,0.732366443,53.14125926
John Kasich,Sun Feb 28 15:39:39 +0000 2016,,,0.684800744,-15.25810642
John Kasich,Sun Feb 28 15:40:20 +0000 2016,,,0.714493155,27.43951225
John Kasich,Sun Feb 28 15:40:41 +0000 2016,,,0.63623029,-85.10230747
John Kasich,Sun Feb 28 15:40:44 +0000 2016,,,0.678172052,-24.79015026
John Kasich,Sun Feb 28 15:41:11 +0000 2016,,,0.740706384,65.13407522
John Kasich,Sun Feb 28 15:41:12 +0000 2016,,,0.714493155,27.43951225
John Kasich,Sun Feb 28 15:41:16 +0000 2016,,,0.657858849,-54.00048941
John Kasich,Sun Feb 28 15:41:16 +0000 2016,,,0.675946295,-27.9907837
John Kasich,Sun Feb 28 15:41:16 +0000 2016,,,0.70210886,9.630924549
John Kasich,Sun Feb 28 15:41:16 +0000 2016,,,0.70210886,9.630924549
John Kasich,Sun Feb 28 15:41:16 +0000 2016,,,0.697594702,3.139575736
John Kasich,Sun Feb 28 15:41:17 +0000 2016,,,0.675946295,-27.9907837
John Kasich,Sun Feb 28 15:41:17 +0000 2016,,,0.684800744,-15.25810642
John Kasich,Sun Feb 28 15:41:49 +0000 2016,,,0.675946295,-27.9907837
John Kasich,Sun Feb 28 15:42:03 +0000 2016,,,0.684800744,-15.25810642
John Kasich,Sun Feb 28 15:42:09 +0000 2016,,,0.714493155,27.43951225
John Kasich,Sun Feb 28 15:42:16 +0000 2016,,,0.684800744,-15.25810642
John Kasich,Sun Feb 28 15:42:28 +0000 2016,,,0.684800744,-15.25810642
John Kasich,Sun Feb 28 15:42:37 +0000 2016,,,0.684800744,-15.25810642
John Kasich,Sun Feb 28 15:42:38 +0000 2016,,,0.70210886,9.630924549
John Kasich,Sun Feb 28 15:42:50 +0000 2016,,,0.683578789,-17.0152749
John Kasich,Sun Feb 28 15:42:52 +0000 2016,,,0.714493155,27.43951225
John Kasich,Sun Feb 28 15:42:58 +0000 2016,,,0.684800744,-15.25810642
John Kasich,Sun Feb 28 15:43:11 +0000 2016,,,0.729251266,48.6616419
John Kasich,Sun Feb 28 15:43:13 +0000 2016,,,0.70399797,12.34746038
John Kasich,Sun Feb 28 15:43:39 +0000 2016,,,0.69111371,-6.180075842
John Kasich,Sun Feb 28 15:43:46 +0000 2016,,,0.648635864,-67.26312061
John Kasich,Sun Feb 28 15:44:03 +0000 2016,,,0.73103416,51.22543937
John Kasich,Sun Feb 28 15:44:08 +0000 2016,,,0.70210886,9.630924549
John Kasich,Sun Feb 28 15:44:09 +0000 2016,,,0.648635864,-67.26312061
John Kasich,Sun Feb 28 15:44:26 +0000 2016,,,0.684800744,-15.25810642
John Kasich,Sun Feb 28 15:44:31 +0000 2016,,,0.659384727,-51.80628036
John Kasich,Sun Feb 28 15:44:34 +0000 2016,,,0.608257532,-125.3270691
John Kasich,Sun Feb 28 15:44:34 +0000 2016,,,0.73103416,51.22543937
John Kasich,Sun Feb 28 15:44:34 +0000 2016,,,0.696878374,2.109497721
John Kasich,Sun Feb 28 15:44:37 +0000 2016,,,0.740706384,65.13407522
John Kasich,Sun Feb 28 15:44:49 +0000 2016,,,0.629858732,-94.26459321
John Kasich,Sun Feb 28 15:45:13 +0000 2016,,,0.628539324,-96.16189887
John Kasich,Sun Feb 28 15:45:38 +0000 2016,,,0.671470821,-34.42650501
John Kasich,Sun Feb 28 15:45:55 +0000 2016,,,0.684800744,-15.25810642
John Kasich,Sun Feb 28 15:46:06 +0000 2016,,,0.729251266,48.6616419
John Kasich,Sun Feb 28 15:46:06 +0000 2016,,,0.675946295,-27.9907837
John Kasich,Sun Feb 28 15:46:09 +0000 2016,,,0.672717214,-32.63419474
John Kasich,Sun Feb 28 15:46:12 +0000 2016,,,0.670721889,-35.5034675
John Kasich,Sun Feb 28 15:46:41 +0000 2016,,,0.66217351,-47.79601683
John Kasich,Sun Feb 28 15:47:03 +0000 2016,,,0.714493155,27.43951225
John Kasich,Sun Feb 28 15:47:14 +0000 2016,,,0.673712552,-31.20290099
John Kasich,Sun Feb 28 15:47:41 +0000 2016,,,0.70210886,9.630924549
John Kasich,Sun Feb 28 15:48:00 +0000 2016,,,0.682599366,-18.42368292
John Kasich,Sun Feb 28 15:48:26 +0000 2016,,,0.740706384,65.13407522
John Kasich,Sun Feb 28 15:49:03 +0000 2016,,,0.684800744,-15.25810642
John Kasich,Sun Feb 28 15:49:26 +0000 2016,,,0.673712552,-31.20290099
John Kasich,Sun Feb 28 15:49:26 +0000 2016,,,0.684800744,-15.25810642
John Kasich,Sun Feb 28 15:50:14 +0000 2016,,,0.70210886,9.630924549
John Kasich,Sun Feb 28 15:50:17 +0000 2016,,,0.73103416,51.22543937
John Kasich,Sun Feb 28 15:50:17 +0000 2016,,,0.684800744,-15.25810642
John Kasich,Sun Feb 28 15:50:43 +0000 2016,,,0.660400093,-50.34618639
John Kasich,Sun Feb 28 15:50:47 +0000 2016,,,0.740706384,65.13407522
John Kasich,Sun Feb 28 15:50:56 +0000 2016,,,0.669221342,-37.66125063
John Kasich,Sun Feb 28 15:50:57 +0000 2016,,,0.675946295,-27.9907837
John Kasich,Sun Feb 28 15:51:05 +0000 2016,,,0.70210886,9.630924549
John Kasich,Sun Feb 28 15:51:10 +0000 2016,,,0.70210886,9.630924549
John Kasich,Sun Feb 28 15:51:30 +0000 2016,,,0.731922805,52.50330883
John Kasich,Sun Feb 28 15:51:35 +0000 2016,,,0.69352299,-2.715536748
John Kasich,Sun Feb 28 15:51:39 +0000 2016,,,0.684800744,-15.25810642
John Kasich,Sun Feb 28 15:51:49 +0000 2016,,,0.70210886,9.630924549
John Kasich,Sun Feb 28 15:51:52 +0000 2016,,,0.73103416,51.22543937
John Kasich,Sun Feb 28 15:52:02 +0000 2016,,,0.740706384,65.13407522
John Kasich,Sun Feb 28 15:52:20 +0000 2016,,,0.70210886,9.630924549
John Kasich,Sun Feb 28 15:52:45 +0000 2016,,,0.70210886,9.630924549
John Kasich,Sun Feb 28 15:52:49 +0000 2016,,,0.732366443,53.14125926
John Kasich,Sun Feb 28 15:53:20 +0000 2016,,,0.70210886,9.630924549
John Kasich,Sun Feb 28 15:53:21 +0000 2016,,,0.729251266,48.6616419
John Kasich,Sun Feb 28 15:54:08 +0000 2016,,,0.693523049,-2.715451906
John Kasich,Sun Feb 28 15:54:14 +0000 2016,,,0.740706384,65.13407522
John Kasich,Sun Feb 28 15:54:15 +0000 2016,,,0.729920745,49.62435116
John Kasich,Sun Feb 28 15:54:27 +0000 2016,,,0.727517068,46.16786917
John Kasich,Sun Feb 28 15:54:50 +0000 2016,,,0.653261721,-60.6111489
John Kasich,Sun Feb 28 15:55:17 +0000 2016,,,0.699975431,6.563058558
John Kasich,Sun Feb 28 15:55:26 +0000 2016,,,0.62536484,-100.7267996
John Kasich,Sun Feb 28 15:56:12 +0000 2016,,,0.70210886,9.630924549
John Kasich,Sun Feb 28 15:56:18 +0000 2016,,,0.699975431,6.563058558
John Kasich,Sun Feb 28 15:56:49 +0000 2016,,,0.682599366,-18.42368292
John Kasich,Sun Feb 28 15:56:50 +0000 2016,,,0.70210886,9.630924549
Mark Rubio,Sun Feb 28 12:25:35 +0000 2016,,,0.740706384,65.13407522
Mark Rubio,Sun Feb 28 12:28:19 +0000 2016,,,0.727012277,45.44198087
Mark Rubio,Sun Feb 28 12:32:18 +0000 2016,,,0.657858849,-54.00048941
Mark Rubio,Sun Feb 28 12:33:19 +0000 2016,,,0.70210886,9.630924549
Mark Rubio,Sun Feb 28 12:33:59 +0000 2016,,,0.712180257,24.11357025
Mark Rubio,Sun Feb 28 12:36:46 +0000 2016,,,0.644241154,-73.58270348
Mark Rubio,Sun Feb 28 12:37:16 +0000 2016,,,0.703526318,11.66922589
Mark Rubio,Sun Feb 28 12:37:56 +0000 2016,,,0.721364439,37.32040283
Mark Rubio,Sun Feb 28 12:44:39 +0000 2016,,,0.714954376,28.10274699
Mark Rubio,Sun Feb 28 12:49:07 +0000 2016,,,0.721364439,37.32040283
Mark Rubio,Sun Feb 28 12:50:43 +0000 2016,,,0.721364439,37.32040283
Mark Rubio,Sun Feb 28 12:55:58 +0000 2016,,,0.721364439,37.32040283
Mark Rubio,Sun Feb 28 12:56:50 +0000 2016,,,0.721364439,37.32040283
Mark Rubio,Sun Feb 28 12:57:53 +0000 2016,,,0.721364439,37.32040283
Mark Rubio,Sun Feb 28 12:58:44 +0000 2016,,,0.699975431,6.563058558
Mark Rubio,Sun Feb 28 12:59:08 +0000 2016,,,0.721421242,37.40208541
Mark Rubio,Sun Feb 28 12:59:20 +0000 2016,,,0.721364439,37.32040283
Mark Rubio,Sun Feb 28 12:59:38 +0000 2016,,,0.721364439,37.32040283
Mark Rubio,Sun Feb 28 13:00:35 +0000 2016,,,0.721364439,37.32040283
Mark Rubio,Sun Feb 28 13:03:08 +0000 2016,,,0.721364439,37.32040283
Mark Rubio,Sun Feb 28 13:03:44 +0000 2016,,,0.721364439,37.32040283
Mark Rubio,Sun Feb 28 13:10:28 +0000 2016,,,0.721364439,37.32040283
Mark Rubio,Sun Feb 28 13:17:07 +0000 2016,,,0.721364439,37.32040283
Mark Rubio,Sun Feb 28 13:18:41 +0000 2016,,,0.721364439,37.32040283
Mark Rubio,Sun Feb 28 13:21:34 +0000 2016,,,0.721364439,37.32040283
Mark Rubio,Sun Feb 28 13:21:38 +0000 2016,,,0.721364439,37.32040283
Mark Rubio,Sun Feb 28 13:23:18 +0000 2016,,,0.703526318,11.66922589
Mark Rubio,Sun Feb 28 13:23:26 +0000 2016,,,0.721364439,37.32040283
Mark Rubio,Sun Feb 28 13:23:52 +0000 2016,,,0.709623218,20.43655406
Mark Rubio,Sun Feb 28 13:26:06 +0000 2016,,,0.721364439,37.32040283
Mark Rubio,Sun Feb 28 13:26:35 +0000 2016,,,0.682599366,-18.42368292
Mark Rubio,Sun Feb 28 13:29:41 +0000 2016,,,0.721364439,37.32040283
Mark Rubio,Sun Feb 28 13:31:01 +0000 2016,,,0.721364439,37.32040283
Mark Rubio,Sun Feb 28 13:31:52 +0000 2016,,,0.689420879,-8.614362923
Mark Rubio,Sun Feb 28 13:35:36 +0000 2016,,,0.706584036,16.06621734
Mark Rubio,Sun Feb 28 13:36:02 +0000 2016,,,0.721364439,37.32040283
Mark Rubio,Sun Feb 28 13:36:16 +0000 2016,,,0.682599366,-18.42368292
Mark Rubio,Sun Feb 28 13:37:33 +0000 2016,,,0.721364439,37.32040283
Mark Rubio,Sun Feb 28 13:38:42 +0000 2016,,,0.706584036,16.06621734
Mark Rubio,Sun Feb 28 13:40:17 +0000 2016,,,0.676750958,-26.83368016
Mark Rubio,Sun Feb 28 13:40:30 +0000 2016,,,0.667215228,-40.54603795
Mark Rubio,Sun Feb 28 13:40:53 +0000 2016,,,0.706584036,16.06621734
Mark Rubio,Sun Feb 28 13:40:54 +0000 2016,,,0.721364439,37.32040283
Mark Rubio,Sun Feb 28 13:41:51 +0000 2016,,,0.706584036,16.06621734
Mark Rubio,Sun Feb 28 13:43:23 +0000 2016,,,0.718856752,33.71435469
Mark Rubio,Sun Feb 28 13:44:52 +0000 2016,,,0.682599366,-18.42368292
Mark Rubio,Sun Feb 28 13:45:02 +0000 2016,,,0.676193953,-27.63465207
Mark Rubio,Sun Feb 28 13:45:15 +0000 2016,,,0.684800804,-15.25802014
Mark Rubio,Sun Feb 28 13:46:27 +0000 2016,,,0.718856752,33.71435469
Mark Rubio,Sun Feb 28 13:46:32 +0000 2016,,,0.676193953,-27.63465207
Mark Rubio,Sun Feb 28 13:47:34 +0000 2016,,,0.706584036,16.06621734
Mark Rubio,Sun Feb 28 13:48:02 +0000 2016,,,0.721364439,37.32040283
Mark Rubio,Sun Feb 28 13:48:48 +0000 2016,,,0.718856752,33.71435469
Mark Rubio,Sun Feb 28 13:51:19 +0000 2016,,,0.667529047,-40.09476695
Mark Rubio,Sun Feb 28 13:51:34 +0000 2016,,,0.676193953,-27.63465207
Mark Rubio,Sun Feb 28 13:51:36 +0000 2016,,,0.718856752,33.71435469
Mark Rubio,Sun Feb 28 13:57:46 +0000 2016,,,0.718856752,33.71435469
Mark Rubio,Sun Feb 28 13:58:55 +0000 2016,,,0.721364439,37.32040283
Mark Rubio,Sun Feb 28 14:00:02 +0000 2016,,,0.721364439,37.32040283
Mark Rubio,Sun Feb 28 14:01:13 +0000 2016,,,0.721364439,37.32040283
Mark Rubio,Sun Feb 28 14:02:18 +0000 2016,,,0.718856752,33.71435469
Mark Rubio,Sun Feb 28 14:02:29 +0000 2016,,,0.721364439,37.32040283
Mark Rubio,Sun Feb 28 14:03:54 +0000 2016,,,0.706584036,16.06621734
Mark Rubio,Sun Feb 28 14:05:47 +0000 2016,,,0.686020195,-13.50453869
Mark Rubio,Sun Feb 28 14:05:48 +0000 2016,,,0.718856752,33.71435469
Mark Rubio,Sun Feb 28 14:05:54 +0000 2016,,,0.676193953,-27.63465207
Mark Rubio,Sun Feb 28 14:06:08 +0000 2016,,,0.676193953,-27.63465207
Mark Rubio,Sun Feb 28 14:06:11 +0000 2016,,,0.718856752,33.71435469
Mark Rubio,Sun Feb 28 14:10:04 +0000 2016,,,0.721364439,37.32040283
Mark Rubio,Sun Feb 28 14:10:43 +0000 2016,,,0.718856752,33.71435469
Mark Rubio,Sun Feb 28 14:11:22 +0000 2016,,,0.680635691,-21.24744305
Mark Rubio,Sun Feb 28 14:11:30 +0000 2016,,,0.718856752,33.71435469
Mark Rubio,Sun Feb 28 14:12:30 +0000 2016,,,0.721364379,37.32031655
Mark Rubio,Sun Feb 28 14:15:46 +0000 2016,,,0.718856752,33.71435469
Mark Rubio,Sun Feb 28 14:16:22 +0000 2016,,,0.706114829,15.39149875
Mark Rubio,Sun Feb 28 14:16:32 +0000 2016,,,0.683089256,-17.71922222
Mark Rubio,Sun Feb 28 14:20:14 +0000 2016,,,0.736996353,59.79905918
Mark Rubio,Sun Feb 28 14:20:44 +0000 2016,,,0.706584036,16.06621734
Mark Rubio,Sun Feb 28 14:22:21 +0000 2016,,,0.7105546,21.77587923
Mark Rubio,Sun Feb 28 14:24:30 +0000 2016,,,0.721364439,37.32040283
Mark Rubio,Sun Feb 28 14:27:54 +0000 2016,,,0.721364439,37.32040283
Mark Rubio,Sun Feb 28 14:29:24 +0000 2016,,,0.721364439,37.32040283
Mark Rubio,Sun Feb 28 14:30:39 +0000 2016,,,0.721364439,37.32040283
Mark Rubio,Sun Feb 28 14:31:28 +0000 2016,,,0.721364439,37.32040283
Mark Rubio,Sun Feb 28 14:31:39 +0000 2016,,,0.721364439,37.32040283
Mark Rubio,Sun Feb 28 14:31:57 +0000 2016,,,0.726113439,44.1494539
Mark Rubio,Sun Feb 28 14:33:23 +0000 2016,,,0.721364439,37.32040283
Mark Rubio,Sun Feb 28 14:40:03 +0000 2016,,,0.721364439,37.32040283
Mark Rubio,Sun Feb 28 14:41:50 +0000 2016,,,0.721364439,37.32040283
Mark Rubio,Sun Feb 28 14:42:04 +0000 2016,,,0.721364439,37.32040283
Mark Rubio,Sun Feb 28 14:43:55 +0000 2016,,,0.721364439,37.32040283
Mark Rubio,Sun Feb 28 14:47:24 +0000 2016,,,0.721364439,37.32040283
Mark Rubio,Sun Feb 28 14:48:20 +0000 2016,,,0.721364439,37.32040283
Mark Rubio,Sun Feb 28 14:49:35 +0000 2016,,,0.687237024,-11.75474139
Mark Rubio,Sun Feb 28 14:51:22 +0000 2016,,,0.721364439,37.32040283
Mark Rubio,Sun Feb 28 14:52:02 +0000 2016,,,0.721364439,37.32040283
Mark Rubio,Sun Feb 28 14:57:19 +0000 2016,,,0.731367588,51.70490806
Mark Rubio,Sun Feb 28 14:58:12 +0000 2016,,,0.721364439,37.32040283
Mark Rubio,Sun Feb 28 14:58:50 +0000 2016,,,0.721364439,37.32040283
Mark Rubio,Sun Feb 28 14:59:51 +0000 2016,,,0.702345371,9.971026823
Mark Rubio,Sun Feb 28 15:07:36 +0000 2016,,,0.721364439,37.32040283
Mark Rubio,Sun Feb 28 15:08:46 +0000 2016,,,0.721364439,37.32040283
Mark Rubio,Sun Feb 28 15:11:33 +0000 2016,,,0.674209595,-30.4881543
Mark Rubio,Sun Feb 28 15:12:09 +0000 2016,,,0.721364439,37.32040283
Mark Rubio,Sun Feb 28 15:12:37 +0000 2016,,,0.721364439,37.32040283
Mark Rubio,Sun Feb 28 15:12:48 +0000 2016,,,0.694003642,-2.024360278
Mark Rubio,Sun Feb 28 15:13:55 +0000 2016,,,0.721364439,37.32040283
Mark Rubio,Sun Feb 28 15:14:14 +0000 2016,,,0.683089316,-17.71913594
Mark Rubio,Sun Feb 28 15:15:17 +0000 2016,,,0.695921838,0.734001155
Mark Rubio,Sun Feb 28 15:17:52 +0000 2016,,,0.721364439,37.32040283
Mark Rubio,Sun Feb 28 15:18:51 +0000 2016,,,0.721364439,37.32040283
Mark Rubio,Sun Feb 28 15:24:54 +0000 2016,,,0.661667287,-48.52396434
Mark Rubio,Sun Feb 28 15:25:07 +0000 2016,,,0.739400804,63.25665418
Mark Rubio,Sun Feb 28 15:26:26 +0000 2016,,,0.721364439,37.32040283
Mark Rubio,Sun Feb 28 15:27:52 +0000 2016,,,0.667215228,-40.54603795
Mark Rubio,Sun Feb 28 15:27:53 +0000 2016,,,0.683823407,-16.66351477
Mark Rubio,Sun Feb 28 15:28:31 +0000 2016,,,0.662426472,-47.43225805
Mark Rubio,Sun Feb 28 15:28:46 +0000 2016,,,0.706584036,16.06621734
Mark Rubio,Sun Feb 28 15:28:57 +0000 2016,,,0.706584036,16.06621734
Mark Rubio,Sun Feb 28 15:30:01 +0000 2016,,,0.706584036,16.06621734
Mark Rubio,Sun Feb 28 15:30:44 +0000 2016,,,0.721364439,37.32040283
Mark Rubio,Sun Feb 28 15:30:51 +0000 2016,,,0.721364439,37.32040283
Mark Rubio,Sun Feb 28 15:31:00 +0000 2016,,,0.721364439,37.32040283
Mark Rubio,Sun Feb 28 15:31:01 +0000 2016,,,0.721364439,37.32040283
Mark Rubio,Sun Feb 28 15:31:13 +0000 2016,,,0.721364439,37.32040283
Mark Rubio,Sun Feb 28 15:31:37 +0000 2016,,,0.706584036,16.06621734
Mark Rubio,Sun Feb 28 15:32:50 +0000 2016,,,0.671720326,-34.06771739
Mark Rubio,Sun Feb 28 15:33:04 +0000 2016,,,0.634854794,-87.08026755
Mark Rubio,Sun Feb 28 15:35:23 +0000 2016,,,0.706584036,16.06621734
Mark Rubio,Sun Feb 28 15:35:39 +0000 2016,,,0.721364439,37.32040283
Mark Rubio,Sun Feb 28 15:36:44 +0000 2016,,,0.700212896,6.904532681
Mark Rubio,Sun Feb 28 15:36:48 +0000 2016,,,0.721364439,37.32040283
Mark Rubio,Sun Feb 28 15:37:25 +0000 2016,,,0.706584036,16.06621734
Mark Rubio,Sun Feb 28 15:39:00 +0000 2016,,,0.719085276,34.04297168
Mark Rubio,Sun Feb 28 15:41:44 +0000 2016,,,0.729251325,48.66172674
Mark Rubio,Sun Feb 28 15:42:57 +0000 2016,,,0.721364439,37.32040283
Mark Rubio,Sun Feb 28 15:48:26 +0000 2016,,,0.721364439,37.32040283
Mark Rubio,Sun Feb 28 15:53:42 +0000 2016,,,0.630122423,-93.88540616
Mark Rubio,Sun Feb 28 15:56:17 +0000 2016,,,0.734136283,55.6862851
Mark Rubio,Sun Feb 28 15:56:25 +0000 2016,,,0.706584036,16.06621734
Ted Cruz,Sun Feb 28 15:02:57 +0000 2016,,,0.720909476,36.66616708
Ted Cruz,Sun Feb 28 15:02:58 +0000 2016,,,0.680635691,-21.24744305
Ted Cruz,Sun Feb 28 15:03:00 +0000 2016,,,0.685044825,-14.9071185
Ted Cruz,Sun Feb 28 15:03:02 +0000 2016,,,0.696161091,1.078046418
Ted Cruz,Sun Feb 28 15:03:02 +0000 2016,,,0.718856752,33.71435469
Ted Cruz,Sun Feb 28 15:03:03 +0000 2016,,,0.706584036,16.06621734
Ted Cruz,Sun Feb 28 15:03:07 +0000 2016,,,0.720909476,36.66616708
Ted Cruz,Sun Feb 28 15:03:15 +0000 2016,,,0.693763375,-2.369863671
Ted Cruz,Sun Feb 28 15:03:17 +0000 2016,,,0.7105546,21.77587923
Ted Cruz,Sun Feb 28 15:03:19 +0000 2016,,,0.605018675,-129.984538
Ted Cruz,Sun Feb 28 15:03:20 +0000 2016,,,0.744812429,71.03855848
Ted Cruz,Sun Feb 28 15:03:21 +0000 2016,,,0.744812429,71.03855848
Ted Cruz,Sun Feb 28 15:03:21 +0000 2016,,,0.677431047,-25.85571374
Ted Cruz,Sun Feb 28 15:03:22 +0000 2016,,,0.706349492,15.7289436
Ted Cruz,Sun Feb 28 15:03:24 +0000 2016,,,0.740706384,65.13407522
Ted Cruz,Sun Feb 28 15:03:25 +0000 2016,,,0.692379892,-4.35930904
Ted Cruz,Sun Feb 28 15:03:26 +0000 2016,,,0.669221342,-37.66125063
Ted Cruz,Sun Feb 28 15:03:27 +0000 2016,,,0.686993897,-12.10435745
Ted Cruz,Sun Feb 28 15:03:27 +0000 2016,,,0.675202549,-29.06028874
Ted Cruz,Sun Feb 28 15:03:27 +0000 2016,,,0.65204376,-62.36257401
Ted Cruz,Sun Feb 28 15:03:29 +0000 2016,,,0.714723825,27.77121518
Ted Cruz,Sun Feb 28 15:03:29 +0000 2016,,,0.714493155,27.43951225
Ted Cruz,Sun Feb 28 15:03:34 +0000 2016,,,0.669221342,-37.66125063
Ted Cruz,Sun Feb 28 15:03:35 +0000 2016,,,0.7105546,21.77587923
Ted Cruz,Sun Feb 28 15:03:35 +0000 2016,,,0.717941463,32.39817122
Ted Cruz,Sun Feb 28 15:03:37 +0000 2016,,,0.669721901,-36.94144794
Ted Cruz,Sun Feb 28 15:03:40 +0000 2016,,,0.706349492,15.7289436
Ted Cruz,Sun Feb 28 15:03:41 +0000 2016,,,0.605018675,-129.984538
Ted Cruz,Sun Feb 28 15:03:44 +0000 2016,,,0.657858849,-54.00048941
Ted Cruz,Sun Feb 28 15:03:46 +0000 2016,,,0.615777493,-114.5133825
Ted Cruz,Sun Feb 28 15:03:46 +0000 2016,,,0.704233587,12.68627708
Ted Cruz,Sun Feb 28 15:03:49 +0000 2016,,,0.69783324,3.482592831
Ted Cruz,Sun Feb 28 15:03:50 +0000 2016,,,0.714493155,27.43951225
Ted Cruz,Sun Feb 28 15:03:50 +0000 2016,,,0.740706384,65.13407522
Ted Cruz,Sun Feb 28 15:03:54 +0000 2016,,,0.605018675,-129.984538
Ted Cruz,Sun Feb 28 15:03:55 +0000 2016,,,0.7105546,21.77587923
Ted Cruz,Sun Feb 28 15:03:56 +0000 2016,,,0.625099838,-101.1078718
Ted Cruz,Sun Feb 28 15:03:56 +0000 2016,,,0.605018675,-129.984538
Ted Cruz,Sun Feb 28 15:03:57 +0000 2016,,,0.708456516,18.75883927
Ted Cruz,Sun Feb 28 15:03:58 +0000 2016,,,0.722726405,39.2789068
Ted Cruz,Sun Feb 28 15:03:59 +0000 2016,,,0.682354271,-18.77612896
Ted Cruz,Sun Feb 28 15:04:01 +0000 2016,,,0.636949837,-84.06760054
Ted Cruz,Sun Feb 28 15:04:01 +0000 2016,,,0.695682406,0.38969849
Ted Cruz,Sun Feb 28 15:04:01 +0000 2016,,,0.689178705,-8.962608578
Ted Cruz,Sun Feb 28 15:04:01 +0000 2016,,,0.667215228,-40.54603795
Ted Cruz,Sun Feb 28 15:04:01 +0000 2016,,,0.686993897,-12.10435745
Ted Cruz,Sun Feb 28 15:04:02 +0000 2016,,,0.704233587,12.68627708
Ted Cruz,Sun Feb 28 15:04:03 +0000 2016,,,0.754155815,84.47432604
Ted Cruz,Sun Feb 28 15:04:08 +0000 2016,,,0.69135505,-5.833029477
Ted Cruz,Sun Feb 28 15:04:08 +0000 2016,,,0.675698519,-28.34708502
Ted Cruz,Sun Feb 28 15:04:11 +0000 2016,,,0.70210886,9.630924549
Ted Cruz," You MUST answer Ted Cruz's Goals Disenfranchising 9/11 Health. 🏩""",Sun Feb 28 15:04:11 +0000 2016,,0.740706384,65.13407522
Ted Cruz,Sun Feb 28 15:04:14 +0000 2016,,,0.695682406,0.38969849
Ted Cruz,Sun Feb 28 15:04:15 +0000 2016,,,0.722953022,39.60478153
Ted Cruz,Sun Feb 28 15:04:16 +0000 2016,,,0.657858849,-54.00048941
Ted Cruz, they will say," ""Yes"," but I fought for you!""  Jus…",0.708456516,18.75883927
Ted Cruz,Sun Feb 28 15:04:18 +0000 2016,,,0.695682406,0.38969849
Ted Cruz,Sun Feb 28 15:04:18 +0000 2016,,,0.634985924,-86.89170291
Ted Cruz," he must see no one he really likes."" My Sunday column... https://t…",Sun Feb 28 15:04:19 +0000 2016,,0.675946295,-27.9907837
Ted Cruz,Sun Feb 28 15:04:22 +0000 2016,,,0.695682406,0.38969849
Ted Cruz,Sun Feb 28 15:04:24 +0000 2016,,,0.691355109,-5.832944636
Ted Cruz,Sun Feb 28 15:04:25 +0000 2016,,,0.669596791,-37.12135584
Ted Cruz,Sun Feb 28 15:04:26 +0000 2016,,,0.695682406,0.38969849
Ted Cruz,Sun Feb 28 15:04:28 +0000 2016,,,0.668469787,-38.74198499
Ted Cruz,Sun Feb 28 15:04:29 +0000 2016,,,0.70210886,9.630924549
Ted Cruz,Sun Feb 28 15:04:30 +0000 2016,,,0.695682406,0.38969849
Ted Cruz,Sun Feb 28 15:04:30 +0000 2016,,,0.695682406,0.38969849
Ted Cruz,Sun Feb 28 15:04:31 +0000 2016,,,0.695682406,0.38969849
Ted Cruz,Sun Feb 28 15:04:31 +0000 2016,,,0.710089147,21.10655889
Ted Cruz,Sun Feb 28 15:04:33 +0000 2016,,,0.690388858,-7.222411349
Ted Cruz,Sun Feb 28 15:04:33 +0000 2016,,,0.695682406,0.38969849
Ted Cruz,Sun Feb 28 15:04:34 +0000 2016,,,0.662426472,-47.43225805
Ted Cruz,Sun Feb 28 15:04:36 +0000 2016,,,0.706584036,16.06621734
Ted Cruz,Sun Feb 28 15:04:37 +0000 2016,,,0.634854853,-87.08018271
Ted Cruz,Sun Feb 28 15:04:37 +0000 2016,,,0.686993897,-12.10435745
Ted Cruz,Sun Feb 28 15:04:38 +0000 2016,,,0.740706384,65.13407522
Ted Cruz,Sun Feb 28 15:04:39 +0000 2016,,,0.634854853,-87.08018271
Ted Cruz,Sun Feb 28 15:04:39 +0000 2016,,,0.678172052,-24.79015026
Ted Cruz,Sun Feb 28 15:04:40 +0000 2016,,,0.660146415,-50.71097477
Ted Cruz,Sun Feb 28 15:04:41 +0000 2016,,,0.634592593,-87.45731199
Ted Cruz,Sun Feb 28 15:04:42 +0000 2016,,,0.729027927,48.34048093
Ted Cruz,Sun Feb 28 15:04:42 +0000 2016,,,0.677431047,-25.85571374
Ted Cruz,Sun Feb 28 15:04:42 +0000 2016,,,0.669721901,-36.94144794
Ted Cruz,Sun Feb 28 15:04:43 +0000 2016,,,0.695682406,0.38969849
Ted Cruz,Sun Feb 28 15:04:45 +0000 2016,,,0.701161742,8.268971045
Ted Cruz,Sun Feb 28 15:04:45 +0000 2016,,,0.675946295,-27.9907837
Ted Cruz,Sun Feb 28 15:04:45 +0000 2016,,,0.644500315,-73.21003056
Ted Cruz,Sun Feb 28 15:04:47 +0000 2016,,,0.695682406,0.38969849
Ted Cruz,Sun Feb 28 15:04:47 +0000 2016,,,0.666964054,-40.90722558
Ted Cruz,Sun Feb 28 15:04:50 +0000 2016,,,0.722953022,39.60478153
Ted Cruz,Sun Feb 28 15:04:54 +0000 2016,,,0.729027927,48.34048093
Ted Cruz,Sun Feb 28 15:04:54 +0000 2016,,,0.695682406,0.38969849
Ted Cruz,Sun Feb 28 15:04:56 +0000 2016,,,0.682599425,-18.42359807
Ted Cruz,Sun Feb 28 15:05:00 +0000 2016,,,0.692560554,-4.0995175
Ted Cruz,Sun Feb 28 15:05:02 +0000 2016,,,0.7105546,21.77587923
Ted Cruz,Sun Feb 28 15:05:02 +0000 2016,,,0.714723825,27.77121518
Ted Cruz,Sun Feb 28 15:05:06 +0000 2016,,,0.695682406,0.38969849
Ted Cruz,Sun Feb 28 15:05:06 +0000 2016,,,0.708456516,18.75883927
Ted Cruz,Sun Feb 28 15:05:06 +0000 2016,,,0.605018675,-129.984538
Ted Cruz,Sun Feb 28 15:05:06 +0000 2016,,,0.641644597,-77.31654647
Ted Cruz,Sun Feb 28 15:05:08 +0000 2016,,,0.7105546,21.77587923
Ted Cruz,Sun Feb 28 15:54:59 +0000 2016,,,0.718856752,33.71435469
Ted Cruz,Sun Feb 28 15:55:01 +0000 2016,,,0.634854853,-87.08018271
Ted Cruz,Sun Feb 28 15:55:02 +0000 2016,,,0.689178705,-8.962608578
Ted Cruz," damn it!"" No", your country is slightly to the north. This is *our* country, dickhead. https://t…,0.671720326,-34.06771739
Ted Cruz,Sun Feb 28 15:55:05 +0000 2016,,,0.641644597,-77.31654647
Ted Cruz,Sun Feb 28 15:55:06 +0000 2016,,,0.717311203,31.49185879
Ted Cruz,Sun Feb 28 15:55:11 +0000 2016,,,0.684556603,-15.60918061
Ted Cruz,Sun Feb 28 15:55:13 +0000 2016,,,0.698310018,4.168198498
Ted Cruz,Sun Feb 28 15:55:13 +0000 2016,,,0.714493155,27.43951225
Ted Cruz,Sun Feb 28 15:55:14 +0000 2016,,,0.792730033,139.9439627
Ted Cruz,Sun Feb 28 15:55:14 +0000 2016,,,0.754993618,85.67908482
Ted Cruz,Sun Feb 28 15:55:14 +0000 2016,,,0.7105546,21.77587923
Ted Cruz,Sun Feb 28 15:55:16 +0000 2016,,,0.754155815,84.47432604
Ted Cruz,Sun Feb 28 15:55:20 +0000 2016,,,0.650952339,-63.9320349
Ted Cruz,Sun Feb 28 15:55:22 +0000 2016,,,0.62536484,-100.7267996
Ted Cruz," with the maf…""",Sun Feb 28 15:55:22 +0000 2016,,0.740706384,65.13407522
Ted Cruz,Sun Feb 28 15:55:23 +0000 2016,,,0.753526092,83.56878581
Ted Cruz,Sun Feb 28 15:55:24 +0000 2016,,,0.732809603,53.77852232
Ted Cruz,Sun Feb 28 15:55:24 +0000 2016,,,0.644241154,-73.58270348
Ted Cruz,Sun Feb 28 15:55:27 +0000 2016,,,0.58896482,-153.0699445
Ted Cruz,Sun Feb 28 15:55:27 +0000 2016,,,0.689178705,-8.962608578
Ted Cruz,Sun Feb 28 15:55:27 +0000 2016,,,0.610949397,-121.4561734
Ted Cruz,Sun Feb 28 15:55:28 +0000 2016,,,0.650952339,-63.9320349
Ted Cruz,Sun Feb 28 15:55:28 +0000 2016,,,0.62536484,-100.7267996
Ted Cruz,Sun Feb 28 15:55:29 +0000 2016,,,0.630122364,-93.885491
Ted Cruz,Sun Feb 28 15:55:29 +0000 2016,,,0.722726405,39.2789068
Ted Cruz,Sun Feb 28 15:55:29 +0000 2016,,,0.738746464,62.31571477
Ted Cruz,Sun Feb 28 15:55:31 +0000 2016,,,0.732809603,53.77852232
Ted Cruz,Sun Feb 28 15:55:32 +0000 2016,,,0.752263546,81.75324757
Ted Cruz,Sun Feb 28 15:55:33 +0000 2016,,,0.748449862,76.26917876
Ted Cruz,Sun Feb 28 15:55:34 +0000 2016,,,0.746314347,73.1983131
Ted Cruz,Sun Feb 28 15:55:35 +0000 2016,,,0.718399346,33.05660592
Ted Cruz,Sun Feb 28 15:55:39 +0000 2016,,,0.669471622,-37.30134857
Ted Cruz,Sun Feb 28 15:55:39 +0000 2016,,,0.62536484,-100.7267996
Ted Cruz,Sun Feb 28 15:55:39 +0000 2016,,,0.610949337,-121.4562597
Ted Cruz,Sun Feb 28 15:55:39 +0000 2016,,,0.706114829,15.39149875
Ted Cruz,Sun Feb 28 15:55:41 +0000 2016,,,0.684800804,-15.25802014
Ted Cruz,Sun Feb 28 15:55:43 +0000 2016,,,0.713106751,25.44586649
Ted Cruz,Sun Feb 28 15:55:44 +0000 2016,,,0.693763375,-2.369863671
Ted Cruz,Sun Feb 28 15:55:46 +0000 2016,,,0.660400093,-50.34618639
Ted Cruz,Sun Feb 28 15:55:47 +0000 2016,,,0.747597098,75.04290609
Ted Cruz,Sun Feb 28 15:55:49 +0000 2016,,,0.7105546,21.77587923
Ted Cruz,Sun Feb 28 15:55:50 +0000 2016,,,0.729251266,48.6616419
Ted Cruz,Sun Feb 28 15:55:50 +0000 2016,,,0.687480092,-11.40521016
Ted Cruz,Sun Feb 28 15:55:54 +0000 2016,,,0.750573337,79.32273092
Ted Cruz,Sun Feb 28 15:55:56 +0000 2016,,,0.688208699,-10.35747497
Ted Cruz,Sun Feb 28 15:55:58 +0000 2016,,,0.708456516,18.75883927
Ted Cruz,Sun Feb 28 15:56:03 +0000 2016,,,0.636164844,-85.19641867
Ted Cruz,Sun Feb 28 15:56:03 +0000 2016,,,0.749937594,78.40853395
Ted Cruz,Sun Feb 28 15:56:05 +0000 2016,,,0.657094657,-55.09939575
Ted Cruz,Sun Feb 28 15:56:05 +0000 2016,,,0.662679374,-47.06858556
Ted Cruz,Sun Feb 28 15:56:09 +0000 2016,,,0.680389762,-21.60108838
Ted Cruz,Sun Feb 28 15:56:09 +0000 2016,,,0.69783324,3.482592831
Ted Cruz,Sun Feb 28 15:56:10 +0000 2016,,,0.675946295,-27.9907837
Ted Cruz,Sun Feb 28 15:56:11 +0000 2016,,,0.706349492,15.7289436
Ted Cruz,Sun Feb 28 15:56:11 +0000 2016,,,0.658177018,-53.54296312
Ted Cruz,Sun Feb 28 15:56:11 +0000 2016,,,0.753526092,83.56878581
Ted Cruz,Sun Feb 28 15:56:12 +0000 2016,,,0.70210886,9.630924549
Ted Cruz,Sun Feb 28 15:56:14 +0000 2016,,,0.648635864,-67.26312061
Ted Cruz,Sun Feb 28 15:56:15 +0000 2016,,,0.699975431,6.563058558
Ted Cruz,Sun Feb 28 15:56:17 +0000 2016,,,0.730811715,50.90556397
Ted Cruz,Sun Feb 28 15:56:20 +0000 2016,,,0.718628109,33.38556659
Ted Cruz,Sun Feb 28 15:56:24 +0000 2016,,,0.714723825,27.77121518
Ted Cruz,Sun Feb 28 15:56:24 +0000 2016,,,0.642684221,-75.82156955
Ted Cruz,Sun Feb 28 15:56:26 +0000 2016,,,0.657858849,-54.00048941
Ted Cruz,Sun Feb 28 15:56:26 +0000 2016,,,0.734798074,56.63793904
Ted Cruz,Sun Feb 28 15:56:26 +0000 2016,,,0.706349492,15.7289436
Ted Cruz,Sun Feb 28 15:56:27 +0000 2016,,,0.636949837,-84.06760054
Ted Cruz,Sun Feb 28 15:56:28 +0000 2016,,,0.6862638,-13.15423526
Ted Cruz,Sun Feb 28 15:56:29 +0000 2016,,,0.686993897,-12.10435745
Ted Cruz,Sun Feb 28 15:56:31 +0000 2016,,,0.636949837,-84.06760054
Ted Cruz,Sun Feb 28 15:56:31 +0000 2016,,,0.652492702,-61.71699645
Ted Cruz,Sun Feb 28 15:56:32 +0000 2016,,,0.654541612,-58.77066858
Ted Cruz,Sun Feb 28 15:56:33 +0000 2016,,,0.726787746,45.11910581
Ted Cruz,Sun Feb 28 15:56:34 +0000 2016,,,0.646570802,-70.23267502
Ted Cruz,Sun Feb 28 15:56:34 +0000 2016,,,0.627482355,-97.68181786
Ted Cruz,Sun Feb 28 15:56:34 +0000 2016,,,0.680143774,-21.95481856
Ted Cruz,Sun Feb 28 15:56:34 +0000 2016,,,0.689178705,-8.962608578
Ted Cruz,Sun Feb 28 15:56:34 +0000 2016,,,0.62536484,-100.7267996
Ted Cruz,Sun Feb 28 15:56:35 +0000 2016,,,0.678172052,-24.79015026
Ted Cruz,Sun Feb 28 15:56:36 +0000 2016,,,0.598785281,-138.9481442
Ted Cruz,Sun Feb 28 15:56:38 +0000 2016,,,0.627482355,-97.68181786
Ted Cruz,Sun Feb 28 15:56:41 +0000 2016,,,0.699975431,6.563058558
Ted Cruz,Sun Feb 28 15:56:41 +0000 2016,,,0.69352299,-2.715536748
Ted Cruz,Sun Feb 28 15:56:42 +0000 2016,,,0.66217351,-47.79601683
Ted Cruz,Sun Feb 28 15:56:44 +0000 2016,,,0.729027927,48.34048093
Ted Cruz,Sun Feb 28 15:56:49 +0000 2016,,,0.682599366,-18.42368292
Ted Cruz,Sun Feb 28 15:56:50 +0000 2016,,,0.642684221,-75.82156955
Ted Cruz,Sun Feb 28 15:56:51 +0000 2016,,,0.7105546,21.77587923
Ted Cruz,Sun Feb 28 15:56:51 +0000 2016,,,0.743951559,69.8006294
Ted Cruz,Sun Feb 28 15:56:56 +0000 2016,,,0.714493155,27.43951225
Ted Cruz,Sun Feb 28 15:56:56 +0000 2016,,,0.684800804,-15.25802014
Ted Cruz,Sun Feb 28 15:56:56 +0000 2016,,,0.657094657,-55.09939575
Ted Cruz,Sun Feb 28 15:56:57 +0000 2016,,,0.678172052,-24.79015026
