Sun Feb 28 14:55:38 +0000 2016,58.2205993
Sun Feb 28 14:55:50 +0000 2016,-60.88748172
Sun Feb 28 14:55:51 +0000 2016,58.2205993
Sun Feb 28 14:55:54 +0000 2016,91.36414545
Sun Feb 28 14:56:13 +0000 2016,-52.17166695
Sun Feb 28 14:56:21 +0000 2016,58.2205993
Sun Feb 28 14:56:27 +0000 2016,58.2205993
Sun Feb 28 14:56:30 +0000 2016,15.7289436
Sun Feb 28 14:56:35 +0000 2016,22.44459849
Sun Feb 28 14:56:51 +0000 2016,58.2205993
Sun Feb 28 14:56:54 +0000 2016,58.2205993
Sun Feb 28 14:57:09 +0000 2016,-37.66125063
Sun Feb 28 14:57:19 +0000 2016,91.36414545
Sun Feb 28 14:58:05 +0000 2016,58.2205993
Sun Feb 28 14:58:26 +0000 2016,91.36414545
Sun Feb 28 14:58:40 +0000 2016,-27.18955439
Sun Feb 28 14:58:50 +0000 2016,-49.98148573
Sun Feb 28 14:58:50 +0000 2016,91.36414545
Sun Feb 28 14:59:06 +0000 2016,58.2205993
Sun Feb 28 14:59:14 +0000 2016,58.2205993
Sun Feb 28 14:59:16 +0000 2016,35.35589809
Sun Feb 28 14:59:16 +0000 2016,58.2205993
Sun Feb 28 14:59:23 +0000 2016,5.537608019
Sun Feb 28 14:59:30 +0000 2016,91.36414545
Sun Feb 28 14:59:34 +0000 2016,11.32989438
Sun Feb 28 14:59:40 +0000 2016,61.37323382
Sun Feb 28 14:59:42 +0000 2016,58.2205993
Sun Feb 28 14:59:48 +0000 2016,58.2205993
Sun Feb 28 14:59:49 +0000 2016,-21.60108838
Sun Feb 28 14:59:54 +0000 2016,10.05605275
Sun Feb 28 15:00:03 +0000 2016,58.2205993
Sun Feb 28 15:00:16 +0000 2016,-5.833029477
Sun Feb 28 15:00:17 +0000 2016,-117.9807501
Sun Feb 28 15:00:18 +0000 2016,58.2205993
Sun Feb 28 15:00:19 +0000 2016,-5.833029477
Sun Feb 28 15:00:20 +0000 2016,-18.42368292
" but no one has extra rights"" won the religious liberty debate.  Hit 90% in my focus grou…",-37.30126373
Sun Feb 28 15:00:30 +0000 2016,-10.35747497
Sun Feb 28 15:00:43 +0000 2016,58.2205993
Sun Feb 28 15:00:56 +0000 2016,58.2205993
Sun Feb 28 15:00:57 +0000 2016,91.36414545
Sun Feb 28 15:00:58 +0000 2016,58.2205993
Sun Feb 28 15:01:05 +0000 2016,-37.66125063
Sun Feb 28 15:01:06 +0000 2016,58.2205993
Sun Feb 28 15:01:11 +0000 2016,-18.42368292
Sun Feb 28 15:01:14 +0000 2016,18.75883927
Sun Feb 28 15:01:15 +0000 2016,-44.52681534
Sun Feb 28 15:01:15 +0000 2016,58.2205993
Sun Feb 28 15:01:16 +0000 2016,-31.20298727
Sun Feb 28 15:01:17 +0000 2016,-105.4984354
Sun Feb 28 15:01:20 +0000 2016,-31.20298727
Sun Feb 28 15:01:26 +0000 2016,82.43482397
Sun Feb 28 15:01:27 +0000 2016,18.75883927
Sun Feb 28 15:01:28 +0000 2016,18.75883927
Sun Feb 28 15:01:38 +0000 2016,91.36414545
Sun Feb 28 15:01:47 +0000 2016,58.2205993
Sun Feb 28 15:02:09 +0000 2016,91.36414545
Sun Feb 28 15:02:09 +0000 2016,-117.9807501
Sun Feb 28 15:02:14 +0000 2016,91.36414545
Sun Feb 28 15:02:15 +0000 2016,67.00523952
Sun Feb 28 15:02:18 +0000 2016,58.2205993
Sun Feb 28 15:02:19 +0000 2016,91.36414545
Sun Feb 28 15:02:20 +0000 2016,3.482592831
Sun Feb 28 15:02:23 +0000 2016,58.2205993
Sun Feb 28 15:02:36 +0000 2016,58.2205993
Sun Feb 28 15:02:46 +0000 2016,58.2205993
Sun Feb 28 15:02:47 +0000 2016,58.2205993
Sun Feb 28 15:02:54 +0000 2016,-5.833029477
Sun Feb 28 15:02:55 +0000 2016,18.75883927
Sun Feb 28 15:02:57 +0000 2016,58.2205993
Sun Feb 28 15:03:05 +0000 2016,91.36414545
Sun Feb 28 15:03:11 +0000 2016,58.2205993
Sun Feb 28 15:03:26 +0000 2016,58.2205993
Sun Feb 28 15:03:27 +0000 2016,18.75883927
Sun Feb 28 15:03:32 +0000 2016,5.537608019
Sun Feb 28 15:03:32 +0000 2016,91.36414545
Sun Feb 28 15:03:38 +0000 2016,91.36414545
Sun Feb 28 15:03:42 +0000 2016,-12.10435745
Sun Feb 28 15:03:43 +0000 2016,15.05388134
Sun Feb 28 15:03:43 +0000 2016,18.75883927
Sun Feb 28 15:03:55 +0000 2016,-39.73383672
Sun Feb 28 15:03:55 +0000 2016,-24.080461
Sun Feb 28 15:03:59 +0000 2016,106.3122034
Sun Feb 28 15:03:59 +0000 2016,58.2205993
Sun Feb 28 15:04:09 +0000 2016,-76.94267282
Sun Feb 28 15:04:16 +0000 2016,58.2205993
Sun Feb 28 15:04:19 +0000 2016,51.22543937
Sun Feb 28 15:04:24 +0000 2016,126.63642
Sun Feb 28 15:04:25 +0000 2016,-73.58270348
Sun Feb 28 15:04:33 +0000 2016,6.989900853
Sun Feb 28 15:04:37 +0000 2016,18.75883927
Sun Feb 28 15:04:41 +0000 2016,-8.614362923
Sun Feb 28 15:04:42 +0000 2016,-25.14516744
Sun Feb 28 15:04:44 +0000 2016,91.36414545
Sun Feb 28 15:04:49 +0000 2016,-65.22627596
Sun Feb 28 15:04:55 +0000 2016,-27.9907837
Sun Feb 28 15:04:57 +0000 2016,58.2205993
Sun Feb 28 15:05:00 +0000 2016,-70.23259017
Sun Feb 28 15:05:06 +0000 2016,58.2205993
Sun Feb 28 15:05:06 +0000 2016,18.75883927
Sun Feb 28 15:47:49 +0000 2016,58.2205993
Sun Feb 28 15:47:53 +0000 2016,61.37323382
Sun Feb 28 15:47:56 +0000 2016,91.36414545
Sun Feb 28 15:47:58 +0000 2016,-47.06858556
Sun Feb 28 15:48:07 +0000 2016,61.37323382
Sun Feb 28 15:48:14 +0000 2016,58.2205993
Sun Feb 28 15:48:14 +0000 2016,24.446901
Sun Feb 28 15:48:18 +0000 2016,-8.614278081
Sun Feb 28 15:48:26 +0000 2016,82.35914071
Sun Feb 28 15:48:26 +0000 2016,61.37323382
Sun Feb 28 15:48:27 +0000 2016,-52.99423902
Sun Feb 28 15:48:28 +0000 2016,55.6862851
Sun Feb 28 15:48:37 +0000 2016,-135.435008
Sun Feb 28 15:48:58 +0000 2016,5.537608019
Sun Feb 28 15:49:01 +0000 2016,-26.12236165
Sun Feb 28 15:49:07 +0000 2016,-33.70918718
Sun Feb 28 15:49:18 +0000 2016,55.6862851
Sun Feb 28 15:49:28 +0000 2016,61.37323382
Sun Feb 28 15:49:38 +0000 2016,55.6862851
Sun Feb 28 15:49:50 +0000 2016,-47.06858556
Sun Feb 28 15:50:01 +0000 2016,18.75883927
Sun Feb 28 15:50:01 +0000 2016,55.6862851
Sun Feb 28 15:50:03 +0000 2016,61.37323382
Sun Feb 28 15:50:04 +0000 2016,-64.57898431
Sun Feb 28 15:50:06 +0000 2016,61.37323382
Sun Feb 28 15:50:10 +0000 2016,-46.25089837
Sun Feb 28 15:50:18 +0000 2016,91.36414545
Sun Feb 28 15:50:22 +0000 2016,-37.66125063
Sun Feb 28 15:50:25 +0000 2016,58.2205993
Sun Feb 28 15:50:29 +0000 2016,61.37323382
Sun Feb 28 15:50:31 +0000 2016,-24.080461
Sun Feb 28 15:50:38 +0000 2016,-24.43521935
Sun Feb 28 15:50:40 +0000 2016,58.2205993
Sun Feb 28 15:50:43 +0000 2016,55.6862851
Sun Feb 28 15:50:52 +0000 2016,-27.9907837
Sun Feb 28 15:50:52 +0000 2016,55.6862851
Sun Feb 28 15:50:53 +0000 2016,24.446901
Sun Feb 28 15:50:53 +0000 2016,91.36414545
Sun Feb 28 15:50:58 +0000 2016,82.35914071
Sun Feb 28 15:51:00 +0000 2016,58.2205993
Sun Feb 28 15:51:14 +0000 2016,91.36414545
Sun Feb 28 15:51:15 +0000 2016,58.2205993
Sun Feb 28 15:51:21 +0000 2016,-54.00048941
Sun Feb 28 15:51:23 +0000 2016,58.2205993
Sun Feb 28 15:51:24 +0000 2016,-52.99423902
Sun Feb 28 15:51:26 +0000 2016,-24.080461
Sun Feb 28 15:51:40 +0000 2016,58.2205993
Sun Feb 28 15:51:49 +0000 2016,61.37323382
Sun Feb 28 15:51:58 +0000 2016,21.77587923
Sun Feb 28 15:52:17 +0000 2016,-29.06020389
Sun Feb 28 15:52:18 +0000 2016,46.73185043
Sun Feb 28 15:52:28 +0000 2016,91.36414545
Sun Feb 28 15:52:30 +0000 2016,55.6862851
Sun Feb 28 15:52:33 +0000 2016,55.6862851
Sun Feb 28 15:52:37 +0000 2016,93.22048256
Sun Feb 28 15:52:38 +0000 2016,55.6862851
Sun Feb 28 15:52:50 +0000 2016,-67.63390688
Sun Feb 28 15:53:02 +0000 2016,2.453028181
Sun Feb 28 15:53:04 +0000 2016,47.45628203
Sun Feb 28 15:53:12 +0000 2016,55.6862851
Sun Feb 28 15:53:17 +0000 2016,82.43482397
Sun Feb 28 15:53:21 +0000 2016,-50.34618639
Sun Feb 28 15:53:22 +0000 2016,39.60478153
Sun Feb 28 15:53:24 +0000 2016,55.6862851
Sun Feb 28 15:53:25 +0000 2016,51.22543937
Sun Feb 28 15:53:26 +0000 2016,91.36414545
Sun Feb 28 15:53:28 +0000 2016,-5.139197026
Sun Feb 28 15:53:30 +0000 2016,-65.31875791
Sun Feb 28 15:53:39 +0000 2016,55.6862851
Sun Feb 28 15:53:50 +0000 2016,61.37323382
Sun Feb 28 15:53:59 +0000 2016,50.58551745
Sun Feb 28 15:54:05 +0000 2016,-48.52396434
Sun Feb 28 15:54:06 +0000 2016,58.2205993
Sun Feb 28 15:54:12 +0000 2016,58.2205993
Sun Feb 28 15:54:28 +0000 2016,58.2205993
Sun Feb 28 15:54:35 +0000 2016,58.2205993
Sun Feb 28 15:54:45 +0000 2016,58.2205993
Sun Feb 28 15:54:51 +0000 2016,61.37323382
Sun Feb 28 15:54:52 +0000 2016,-114.5133825
Sun Feb 28 15:55:06 +0000 2016,58.2205993
Sun Feb 28 15:55:18 +0000 2016,58.2205993
Sun Feb 28 15:55:25 +0000 2016,58.2205993
Sun Feb 28 15:55:46 +0000 2016,55.6862851
Sun Feb 28 15:55:47 +0000 2016,58.2205993
Sun Feb 28 15:55:49 +0000 2016,39.2789068
Sun Feb 28 15:55:52 +0000 2016,-91.61294127
Sun Feb 28 15:55:57 +0000 2016,55.6862851
Sun Feb 28 15:55:59 +0000 2016,61.37323382
Sun Feb 28 15:56:00 +0000 2016,-47.06858556
" of course they're going to be infiltrated by jihadists a…""",-43.07735105
Sun Feb 28 15:56:03 +0000 2016,55.6862851
Sun Feb 28 15:56:11 +0000 2016,-8.962608578
Sun Feb 28 15:56:18 +0000 2016,58.2205993
Sun Feb 28 15:56:18 +0000 2016,58.2205993
Sun Feb 28 15:56:19 +0000 2016,-123.0034345
Sun Feb 28 15:56:22 +0000 2016,55.6862851
Sun Feb 28 15:56:22 +0000 2016,55.6862851
Sun Feb 28 15:56:28 +0000 2016,82.43482397
Sun Feb 28 15:56:48 +0000 2016,-47.06858556
Sun Feb 28 15:56:53 +0000 2016,58.2205993
Sun Feb 28 15:02:57 +0000 2016,18.75883927
Sun Feb 28 15:02:57 +0000 2016,36.66616708
Sun Feb 28 15:02:59 +0000 2016,24.78006205
Sun Feb 28 15:02:59 +0000 2016,123.8683722
Sun Feb 28 15:03:00 +0000 2016,8.268971045
Sun Feb 28 15:03:00 +0000 2016,21.77587923
Sun Feb 28 15:03:01 +0000 2016,-21.24744305
Sun Feb 28 15:03:01 +0000 2016,-26.21124429
Sun Feb 28 15:03:01 +0000 2016,-8.614278081
Sun Feb 28 15:03:02 +0000 2016,15.7289436
Sun Feb 28 15:03:02 +0000 2016,71.03855848
Sun Feb 28 15:03:03 +0000 2016,71.03855848
Sun Feb 28 15:03:04 +0000 2016,-3.061296104
Sun Feb 28 15:03:07 +0000 2016,21.77587923
Sun Feb 28 15:03:08 +0000 2016,14.37821799
Sun Feb 28 15:03:09 +0000 2016,76.57533997
Sun Feb 28 15:03:10 +0000 2016,9.630924549
Sun Feb 28 15:03:12 +0000 2016,42.20569084
Sun Feb 28 15:03:12 +0000 2016,-2.715536748
Sun Feb 28 15:03:13 +0000 2016,3.825438804
Sun Feb 28 15:03:15 +0000 2016,-5.833029477
Sun Feb 28 15:03:16 +0000 2016,-2.715451906
Sun Feb 28 15:03:17 +0000 2016,56.63793904
Sun Feb 28 15:03:18 +0000 2016,-2.715451906
Sun Feb 28 15:03:20 +0000 2016,-3.061296104
Sun Feb 28 15:03:23 +0000 2016,6.563058558
Sun Feb 28 15:03:23 +0000 2016,27.77121518
Sun Feb 28 15:03:26 +0000 2016,23.11263326
Sun Feb 28 15:03:27 +0000 2016,-10.00854339
Sun Feb 28 15:03:29 +0000 2016,-17.0152749
Sun Feb 28 15:03:33 +0000 2016,29.42732981
Sun Feb 28 15:03:36 +0000 2016,-8.962608578
Sun Feb 28 15:03:36 +0000 2016,68.24934049
Sun Feb 28 15:03:37 +0000 2016,-37.66125063
Sun Feb 28 15:03:38 +0000 2016,14.37821799
Sun Feb 28 15:03:39 +0000 2016,50.0250521
Sun Feb 28 15:03:40 +0000 2016,6.563058558
Sun Feb 28 15:03:42 +0000 2016,-4.0995175
Sun Feb 28 15:03:42 +0000 2016,14.37821799
Sun Feb 28 15:03:42 +0000 2016,-2.715536748
Sun Feb 28 15:03:43 +0000 2016,-27.9907837
Sun Feb 28 15:03:43 +0000 2016,60.11421938
Sun Feb 28 15:03:43 +0000 2016,4.25382407
Sun Feb 28 15:03:45 +0000 2016,-27.9907837
Sun Feb 28 15:03:46 +0000 2016,-59.41444721
Sun Feb 28 15:03:46 +0000 2016,-2.715451906
Sun Feb 28 15:03:47 +0000 2016,18.75883927
Sun Feb 28 15:03:47 +0000 2016,-21.15907521
Sun Feb 28 15:03:49 +0000 2016,103.4171315
Sun Feb 28 15:03:53 +0000 2016,-56.93336049
Sun Feb 28 15:03:57 +0000 2016,-68.37582454
Sun Feb 28 15:03:57 +0000 2016,6.563058558
Sun Feb 28 15:04:00 +0000 2016,21.77587923
Sun Feb 28 15:04:01 +0000 2016,36.66616708
Sun Feb 28 15:04:01 +0000 2016,-2.715536748
Sun Feb 28 15:04:02 +0000 2016,0.734001155
Sun Feb 28 15:04:06 +0000 2016,70.72931132
Sun Feb 28 15:04:08 +0000 2016,-54.00048941
Sun Feb 28 15:04:08 +0000 2016,14.37821799
Sun Feb 28 15:04:09 +0000 2016,54.09693958
Sun Feb 28 15:04:10 +0000 2016,0.734001155
Sun Feb 28 15:04:11 +0000 2016,-8.962608578
Sun Feb 28 15:04:11 +0000 2016,-13.50453869
Sun Feb 28 15:04:13 +0000 2016,-60.97962143
Sun Feb 28 15:04:15 +0000 2016,8.268971045
Sun Feb 28 15:04:15 +0000 2016,41.23158257
Sun Feb 28 15:04:16 +0000 2016,15.7289436
Sun Feb 28 15:04:17 +0000 2016,60.11421938
Sun Feb 28 15:04:21 +0000 2016,18.75883927
Sun Feb 28 15:04:21 +0000 2016,14.37821799
Sun Feb 28 15:04:22 +0000 2016,14.37821799
Sun Feb 28 15:04:26 +0000 2016,-3.061296104
Sun Feb 28 15:04:26 +0000 2016,1.078046418
Sun Feb 28 15:04:27 +0000 2016,-100.7267996
Sun Feb 28 15:04:30 +0000 2016,3.482592831
Sun Feb 28 15:04:30 +0000 2016,-16.66351477
Sun Feb 28 15:04:34 +0000 2016,64.50898337
Sun Feb 28 15:04:34 +0000 2016,20.77159889
" who IS #BernieSanders and has been ALWAYS #WhichH…""",-1.592717947
Sun Feb 28 15:04:35 +0000 2016,3.482592831
Sun Feb 28 15:04:37 +0000 2016,28.10274699
Sun Feb 28 15:04:38 +0000 2016,-30.84548523
Sun Feb 28 15:04:39 +0000 2016,-25.85571374
Sun Feb 28 15:04:39 +0000 2016,3.482592831
Sun Feb 28 15:04:41 +0000 2016,-56.93336049
Sun Feb 28 15:04:43 +0000 2016,14.37821799
Sun Feb 28 15:04:46 +0000 2016,-45.25236139
Sun Feb 28 15:04:48 +0000 2016,3.825438804
Sun Feb 28 15:04:48 +0000 2016,6.563058558
Sun Feb 28 15:04:49 +0000 2016,-56.93336049
Sun Feb 28 15:04:49 +0000 2016,59.48364157
Sun Feb 28 15:04:51 +0000 2016,-21.15907521
Sun Feb 28 15:04:53 +0000 2016,-39.10257298
Sun Feb 28 15:04:55 +0000 2016,-83.59755936
Sun Feb 28 15:04:55 +0000 2016,-56.93336049
Sun Feb 28 15:04:56 +0000 2016,3.825438804
Sun Feb 28 15:04:57 +0000 2016,76.57533997
Sun Feb 28 15:05:01 +0000 2016,18.75883927
Sun Feb 28 15:05:02 +0000 2016,25.11305055
Sun Feb 28 15:05:05 +0000 2016,9.630924549
Sun Feb 28 15:05:08 +0000 2016,18.75883927
Sun Feb 28 15:05:08 +0000 2016,8.268971045
Sun Feb 28 15:55:48 +0000 2016,-16.66351477
Sun Feb 28 15:55:48 +0000 2016,-44.16425586
Sun Feb 28 15:55:48 +0000 2016,89.87422597
Sun Feb 28 15:55:51 +0000 2016,-87.08018271
Sun Feb 28 15:55:51 +0000 2016,19.09465631
Sun Feb 28 15:55:51 +0000 2016,81.75324757
Sun Feb 28 15:55:52 +0000 2016,24.78006205
Sun Feb 28 15:55:52 +0000 2016,89.57569333
Sun Feb 28 15:55:52 +0000 2016,78.71349443
Sun Feb 28 15:55:55 +0000 2016,-4.0995175
Sun Feb 28 15:55:56 +0000 2016,50.90556397
Sun Feb 28 15:55:56 +0000 2016,-129.9844517
Sun Feb 28 15:55:56 +0000 2016,-52.81133146
Sun Feb 28 15:55:56 +0000 2016,62.31571477
Sun Feb 28 15:55:57 +0000 2016,53.46001877
Sun Feb 28 15:55:58 +0000 2016,89.87422597
Sun Feb 28 15:55:58 +0000 2016,78.71349443
Sun Feb 28 15:55:58 +0000 2016,-44.16425586
Sun Feb 28 15:56:00 +0000 2016,-2.715451906
Sun Feb 28 15:56:02 +0000 2016,-11.75465511
Sun Feb 28 15:56:03 +0000 2016,32.15115054
Sun Feb 28 15:56:04 +0000 2016,15.7289436
Sun Feb 28 15:56:04 +0000 2016,-41.63011421
Sun Feb 28 15:56:05 +0000 2016,90.1725012
Sun Feb 28 15:56:05 +0000 2016,-44.16425586
Sun Feb 28 15:56:06 +0000 2016,-15.25810642
Sun Feb 28 15:56:07 +0000 2016,33.71435469
Sun Feb 28 15:56:07 +0000 2016,87.48116484
Sun Feb 28 15:56:08 +0000 2016,-13.15423526
Sun Feb 28 15:56:08 +0000 2016,-2.715536748
Sun Feb 28 15:56:09 +0000 2016,-44.16425586
Sun Feb 28 15:56:09 +0000 2016,-2.715451906
Sun Feb 28 15:56:10 +0000 2016,-44.16425586
Sun Feb 28 15:56:10 +0000 2016,-66.89250403
Sun Feb 28 15:56:11 +0000 2016,23.44647881
Sun Feb 28 15:56:12 +0000 2016,9.630924549
Sun Feb 28 15:56:12 +0000 2016,89.87422597
Sun Feb 28 15:56:13 +0000 2016,53.77852232
Sun Feb 28 15:56:13 +0000 2016,-44.16425586
Sun Feb 28 15:56:14 +0000 2016,-44.16425586
Sun Feb 28 15:56:14 +0000 2016,89.57569333
Sun Feb 28 15:56:15 +0000 2016,-15.25810642
Sun Feb 28 15:56:16 +0000 2016,-1.938050218
Sun Feb 28 15:56:16 +0000 2016,23.44647881
Sun Feb 28 15:56:16 +0000 2016,44.79605963
Sun Feb 28 15:56:16 +0000 2016,92.55304743
Sun Feb 28 15:56:17 +0000 2016,-56.93336049
Sun Feb 28 15:56:18 +0000 2016,53.77852232
Sun Feb 28 15:56:18 +0000 2016,-27.9907837
Sun Feb 28 15:56:19 +0000 2016,-3.061296104
Sun Feb 28 15:56:19 +0000 2016,32.39817122
" @TulsiPress! You're amazing! ""DNC vice chair resigns",46.89290186
Sun Feb 28 15:56:21 +0000 2016,62.6295894
Sun Feb 28 15:56:22 +0000 2016,-56.93336049
Sun Feb 28 15:56:22 +0000 2016,-40.90722558
Sun Feb 28 15:56:23 +0000 2016,-44.16425586
Sun Feb 28 15:56:23 +0000 2016,-30.84548523
Sun Feb 28 15:56:25 +0000 2016,-87.08018271
Sun Feb 28 15:56:25 +0000 2016,126.705418
Sun Feb 28 15:56:26 +0000 2016,17.41377217
Sun Feb 28 15:56:27 +0000 2016,-45.25236139
Sun Feb 28 15:56:30 +0000 2016,83.26665243
Sun Feb 28 15:56:32 +0000 2016,89.87422597
Sun Feb 28 15:56:33 +0000 2016,41.88118796
Sun Feb 28 15:56:33 +0000 2016,-20.45229934
Sun Feb 28 15:56:34 +0000 2016,33.71435469
Sun Feb 28 15:56:34 +0000 2016,62.31571477
Sun Feb 28 15:56:35 +0000 2016,-15.60918061
Sun Feb 28 15:56:37 +0000 2016,84.17262118
Sun Feb 28 15:56:37 +0000 2016,110.6218566
Sun Feb 28 15:56:37 +0000 2016,73.50618841
Sun Feb 28 15:56:37 +0000 2016,73.50618841
Sun Feb 28 15:56:38 +0000 2016,33.71435469
Sun Feb 28 15:56:39 +0000 2016,-87.08018271
Sun Feb 28 15:56:42 +0000 2016,9.630924549
Sun Feb 28 15:56:43 +0000 2016,50.90556397
Sun Feb 28 15:56:43 +0000 2016,67.62767539
Sun Feb 28 15:56:44 +0000 2016,89.87422597
Sun Feb 28 15:56:44 +0000 2016,81.1466685
Sun Feb 28 15:56:46 +0000 2016,18.75883927
Sun Feb 28 15:56:46 +0000 2016,43.5021608
Sun Feb 28 15:56:48 +0000 2016,67.62767539
Sun Feb 28 15:56:48 +0000 2016,-34.42650501
Sun Feb 28 15:56:48 +0000 2016,73.50618841
Sun Feb 28 15:56:49 +0000 2016,56.32089218
Sun Feb 28 15:56:49 +0000 2016,-19.83440611
Sun Feb 28 15:56:49 +0000 2016,21.77587923
Sun Feb 28 15:56:49 +0000 2016,-87.08018271
Sun Feb 28 15:56:50 +0000 2016,3.825438804
Sun Feb 28 15:56:51 +0000 2016,0.734001155
Sun Feb 28 15:56:51 +0000 2016,9.630924549
Sun Feb 28 15:56:52 +0000 2016,-0.988882581
Sun Feb 28 15:56:52 +0000 2016,-45.25236139
Sun Feb 28 15:56:52 +0000 2016,-40.90722558
Sun Feb 28 15:56:53 +0000 2016,78.71340959
Sun Feb 28 15:56:53 +0000 2016,-44.16425586
Sun Feb 28 15:56:54 +0000 2016,-44.16425586
Sun Feb 28 15:56:54 +0000 2016,43.5021608
Sun Feb 28 15:56:55 +0000 2016,9.630924549
Sun Feb 28 15:56:57 +0000 2016,-0.299249083
Sun Feb 28 15:04:52 +0000 2016,43.82589291
Sun Feb 28 15:04:52 +0000 2016,-75.07476558
Sun Feb 28 15:04:52 +0000 2016,5.195447971
Sun Feb 28 15:04:52 +0000 2016,-16.66351477
Sun Feb 28 15:04:52 +0000 2016,15.7289436
Sun Feb 28 15:04:52 +0000 2016,-66.89250403
Sun Feb 28 15:04:52 +0000 2016,39.60478153
Sun Feb 28 15:04:53 +0000 2016,-126.8779295
Sun Feb 28 15:04:53 +0000 2016,-34.06771739
Sun Feb 28 15:04:54 +0000 2016,-33.61953234
Sun Feb 28 15:04:54 +0000 2016,-114.1285398
Sun Feb 28 15:04:54 +0000 2016,-12.10435745
Sun Feb 28 15:04:54 +0000 2016,-40.90722558
Sun Feb 28 15:04:54 +0000 2016,59.16813769
Sun Feb 28 15:04:54 +0000 2016,11.32989438
Sun Feb 28 15:04:54 +0000 2016,-94.64378026
Sun Feb 28 15:04:54 +0000 2016,-158.787491
Sun Feb 28 15:04:55 +0000 2016,-5.832944636
Sun Feb 28 15:04:55 +0000 2016,33.38556659
Sun Feb 28 15:04:55 +0000 2016,12.68627708
Sun Feb 28 15:04:55 +0000 2016,-8.614278081
Sun Feb 28 15:04:55 +0000 2016,9.631010829
Sun Feb 28 15:04:55 +0000 2016,15.7289436
Sun Feb 28 15:04:55 +0000 2016,81.75324757
Sun Feb 28 15:04:55 +0000 2016,-56.93336049
Sun Feb 28 15:04:56 +0000 2016,-33.35065697
Sun Feb 28 15:04:56 +0000 2016,43.82589291
Sun Feb 28 15:04:56 +0000 2016,55.68637138
Sun Feb 28 15:04:56 +0000 2016,-114.5132976
Sun Feb 28 15:04:56 +0000 2016,94.03516865
Sun Feb 28 15:04:57 +0000 2016,-34.42641873
Sun Feb 28 15:04:57 +0000 2016,-29.41702001
Sun Feb 28 15:04:57 +0000 2016,59.16813769
Sun Feb 28 15:04:57 +0000 2016,59.48364157
Sun Feb 28 15:04:57 +0000 2016,-5.832944636
Sun Feb 28 15:04:57 +0000 2016,59.16813769
Sun Feb 28 15:04:57 +0000 2016,-78.43902159
Sun Feb 28 15:04:58 +0000 2016,43.82589291
Sun Feb 28 15:04:58 +0000 2016,41.23158257
Sun Feb 28 15:04:58 +0000 2016,-24.79006398
Sun Feb 28 15:04:58 +0000 2016,-56.10761764
Sun Feb 28 15:04:58 +0000 2016,15.7289436
Sun Feb 28 15:04:58 +0000 2016,-349.9123417
Sun Feb 28 15:04:58 +0000 2016,15.7289436
Sun Feb 28 15:04:58 +0000 2016,-6.180075842
Sun Feb 28 15:04:58 +0000 2016,-84.06751426
Sun Feb 28 15:04:58 +0000 2016,-43.43948201
Sun Feb 28 15:04:59 +0000 2016,-104.1606532
Sun Feb 28 15:04:59 +0000 2016,65.13407522
Sun Feb 28 15:04:59 +0000 2016,15.7289436
Sun Feb 28 15:04:59 +0000 2016,24.77997577
Sun Feb 28 15:04:59 +0000 2016,-88.58930234
Sun Feb 28 15:04:59 +0000 2016,15.7289436
Sun Feb 28 15:04:59 +0000 2016,-18.42359807
Sun Feb 28 15:04:59 +0000 2016,15.7289436
Sun Feb 28 15:05:00 +0000 2016,-12.10435745
Sun Feb 28 15:05:00 +0000 2016,-33.7091009
Sun Feb 28 15:05:00 +0000 2016,8.268971045
Sun Feb 28 15:05:00 +0000 2016,-77.31654647
Sun Feb 28 15:05:00 +0000 2016,-12.10435745
Sun Feb 28 15:05:01 +0000 2016,-44.16425586
Sun Feb 28 15:05:01 +0000 2016,-83.31556945
Sun Feb 28 15:05:01 +0000 2016,-100.7267133
Sun Feb 28 15:05:01 +0000 2016,43.82589291
Sun Feb 28 15:05:01 +0000 2016,-76.94258798
Sun Feb 28 15:05:01 +0000 2016,-29.41702001
Sun Feb 28 15:05:01 +0000 2016,18.75883927
Sun Feb 28 15:05:02 +0000 2016,-14.90703222
Sun Feb 28 15:05:02 +0000 2016,-5.832944636
Sun Feb 28 15:05:02 +0000 2016,-56.10761764
Sun Feb 28 15:05:03 +0000 2016,30.74934149
Sun Feb 28 15:05:03 +0000 2016,6.563058558
Sun Feb 28 15:05:03 +0000 2016,-18.42368292
Sun Feb 28 15:05:03 +0000 2016,-87.08018271
Sun Feb 28 15:05:03 +0000 2016,6.562972278
Sun Feb 28 15:05:03 +0000 2016,-36.8515357
Sun Feb 28 15:05:03 +0000 2016,-54.00040457
Sun Feb 28 15:05:03 +0000 2016,27.77121518
Sun Feb 28 15:05:04 +0000 2016,-7.222411349
Sun Feb 28 15:05:04 +0000 2016,15.7289436
Sun Feb 28 15:05:04 +0000 2016,-92.65399121
Sun Feb 28 15:05:04 +0000 2016,-22.3087213
Sun Feb 28 15:05:04 +0000 2016,15.7289436
Sun Feb 28 15:05:05 +0000 2016,-111.0540734
Sun Feb 28 15:05:05 +0000 2016,-8.614278081
Sun Feb 28 15:05:06 +0000 2016,-44.16425586
Sun Feb 28 15:05:06 +0000 2016,3.482592831
Sun Feb 28 15:05:06 +0000 2016,-87.08018271
Sun Feb 28 15:05:06 +0000 2016,43.82589291
Sun Feb 28 15:05:06 +0000 2016,-27.9907837
Sun Feb 28 15:05:06 +0000 2016,59.16813769
Sun Feb 28 15:05:06 +0000 2016,30.74934149
Sun Feb 28 15:05:06 +0000 2016,18.75883927
Sun Feb 28 15:05:06 +0000 2016,-73.95554752
Sun Feb 28 15:05:07 +0000 2016,-50.71105961
Sun Feb 28 15:05:07 +0000 2016,-62.08581266
Sun Feb 28 15:05:07 +0000 2016,-24.79006398
Sun Feb 28 15:05:07 +0000 2016,-107.6030773
Sun Feb 28 15:05:07 +0000 2016,15.7289436
Sun Feb 28 15:05:07 +0000 2016,-63.56253276
Sun Feb 28 15:05:08 +0000 2016,-99.2033661
Sun Feb 28 15:05:08 +0000 2016,59.16813769
Sun Feb 28 15:05:08 +0000 2016,22.11032442
Sun Feb 28 15:05:08 +0000 2016,-56.10761764
Sun Feb 28 15:05:08 +0000 2016,43.82589291
Sun Feb 28 15:05:09 +0000 2016,-16.31201349
Sun Feb 28 15:56:41 +0000 2016,-32.63419474
Sun Feb 28 15:56:41 +0000 2016,9.290735996
Sun Feb 28 15:56:41 +0000 2016,136.1850928
Sun Feb 28 15:56:41 +0000 2016,-2.369863671
Sun Feb 28 15:56:41 +0000 2016,3.825438804
Sun Feb 28 15:56:42 +0000 2016,-148.350764
Sun Feb 28 15:56:42 +0000 2016,-70.60431977
Sun Feb 28 15:56:42 +0000 2016,59.16813769
Sun Feb 28 15:56:42 +0000 2016,9.630924549
Sun Feb 28 15:56:42 +0000 2016,-53.6344169
Sun Feb 28 15:56:42 +0000 2016,0.734001155
Sun Feb 28 15:56:42 +0000 2016,62.94320807
Sun Feb 28 15:56:42 +0000 2016,-107.9861211
Sun Feb 28 15:56:43 +0000 2016,-78.43902159
Sun Feb 28 15:56:43 +0000 2016,-164.9169662
Sun Feb 28 15:56:43 +0000 2016,-93.88540616
Sun Feb 28 15:56:43 +0000 2016,-121.4561734
Sun Feb 28 15:56:43 +0000 2016,-37.30126373
Sun Feb 28 15:56:43 +0000 2016,-148.350764
Sun Feb 28 15:56:43 +0000 2016,-12.10435745
Sun Feb 28 15:56:44 +0000 2016,-111.0540734
Sun Feb 28 15:56:44 +0000 2016,-60.15070778
Sun Feb 28 15:56:44 +0000 2016,43.82589291
Sun Feb 28 15:56:45 +0000 2016,59.16813769
Sun Feb 28 15:56:45 +0000 2016,-5.832944636
Sun Feb 28 15:56:45 +0000 2016,-90.47820866
Sun Feb 28 15:56:45 +0000 2016,-26.21124429
Sun Feb 28 15:56:45 +0000 2016,-90.85636754
Sun Feb 28 15:56:45 +0000 2016,43.82589291
Sun Feb 28 15:56:46 +0000 2016,-52.17166695
Sun Feb 28 15:56:46 +0000 2016,36.66625336
Sun Feb 28 15:56:46 +0000 2016,21.44134776
Sun Feb 28 15:56:46 +0000 2016,-4.705840602
Sun Feb 28 15:56:46 +0000 2016,-31.5605756
Sun Feb 28 15:56:46 +0000 2016,13.02500751
Sun Feb 28 15:56:47 +0000 2016,43.82589291
Sun Feb 28 15:56:47 +0000 2016,-36.94144794
Sun Feb 28 15:56:47 +0000 2016,12.34746038
Sun Feb 28 15:56:47 +0000 2016,-15.17025195
Sun Feb 28 15:56:47 +0000 2016,-117.5951338
Sun Feb 28 15:56:48 +0000 2016,-107.6030773
Sun Feb 28 15:56:48 +0000 2016,0.734001155
Sun Feb 28 15:56:48 +0000 2016,-76.94258798
Sun Feb 28 15:56:48 +0000 2016,60.42920846
Sun Feb 28 15:56:49 +0000 2016,-66.89250403
Sun Feb 28 15:56:49 +0000 2016,-58.40296682
Sun Feb 28 15:56:49 +0000 2016,42.20569084
Sun Feb 28 15:56:49 +0000 2016,24.446901
Sun Feb 28 15:56:49 +0000 2016,10.99047803
Sun Feb 28 15:56:50 +0000 2016,-24.79015026
Sun Feb 28 15:56:50 +0000 2016,-69.11808444
Sun Feb 28 15:56:50 +0000 2016,-72.09252516
Sun Feb 28 15:56:50 +0000 2016,-83.31556945
Sun Feb 28 15:56:50 +0000 2016,-56.10761764
Sun Feb 28 15:56:51 +0000 2016,8.268971045
Sun Feb 28 15:56:51 +0000 2016,-44.16425586
Sun Feb 28 15:56:51 +0000 2016,-26.21124429
Sun Feb 28 15:56:51 +0000 2016,-26.21124429
Sun Feb 28 15:56:51 +0000 2016,102.8360942
Sun Feb 28 15:56:51 +0000 2016,-60.61106262
Sun Feb 28 15:56:51 +0000 2016,65.44640832
Sun Feb 28 15:56:52 +0000 2016,-12.45414608
Sun Feb 28 15:56:52 +0000 2016,-26.21124429
Sun Feb 28 15:56:52 +0000 2016,-44.16425586
" he says. https://t.c…,Sun Feb 28 15:56:52 +0000 2016
Donald Trump,703972144858963968,2/28/2016 3:57:21 PM +00:00,RT @RawStory: Trump: ‘It would be very unfair’ to disavow KKK and David Duke until I ‘do research on them’ https://t.co/fjQ7UrwYHw https://…,Sun Feb 28 15:56:53 +0000 2016
Donald Trump,703972145546723329,2/28/2016 3:57:21 PM +00:00,@cheaptrickone @Brycebe57479283 @Di00000000 @charlewar @mama_lirpa buying politicians is corruption and Donald Trump has done it for decades,Sun Feb 28 15:56:53 +0000 2016
Donald Trump,703972145714569216,2/28/2016 3:57:21 PM +00:00,RT @CNNPolitics: .@realDonaldTrump won't disavow the KKK and says he wants more information https://t.co/M3oHFK1HCt #CNNSOTU https://t.co/1…,Sun Feb 28 15:56:53 +0000 2016
Donald Trump,703972145840279552,2/28/2016 3:57:20 PM +00:00,Trump retweets a quote from the founder of Fascism:  The Donald may want to re-think that last tweet. Social m... https://t.co/AcqrQpcZEM,Sun Feb 28 15:56:53 +0000 2016
Donald Trump,703972146964471808,2/28/2016 3:57:20 PM +00:00,I'm not shocked at this point when it comes to Donald Trump's ignorance.,Sun Feb 28 15:56:53 +0000 2016
Donald Trump,703972147383955456,2/28/2016 3:57:20 PM +00:00,RT @chescaleigh: hey @realDonaldTrump you don't know about the KKK"" but your dad was arrested with them in 1927? https://t.co/3ePgd1WwSW",-44.52681534
Sun Feb 28 15:56:53 +0000 2016,-26.21124429
Sun Feb 28 15:56:53 +0000 2016,-70.23259017
Sun Feb 28 15:56:53 +0000 2016,12.00847112
Sun Feb 28 15:56:54 +0000 2016,-38.74207127
Sun Feb 28 15:56:54 +0000 2016,-6.87485162
Sun Feb 28 15:56:54 +0000 2016,-60.15070778
Sun Feb 28 15:56:54 +0000 2016,-93.88540616
Sun Feb 28 15:56:54 +0000 2016,-23.01695386
Sun Feb 28 15:56:54 +0000 2016,-148.350764
Sun Feb 28 15:56:54 +0000 2016,-38.74207127
Sun Feb 28 15:56:54 +0000 2016,-38.74207127
Sun Feb 28 15:56:55 +0000 2016,-52.90278524
Sun Feb 28 15:56:55 +0000 2016,-87.45731199
Sun Feb 28 15:56:55 +0000 2016,-43.80186893
Sun Feb 28 15:56:55 +0000 2016,-92.65399121
Sun Feb 28 15:56:55 +0000 2016,-38.74207127
Sun Feb 28 15:56:55 +0000 2016,-4.705840602
Sun Feb 28 15:56:55 +0000 2016,-54.00048941
Sun Feb 28 15:56:55 +0000 2016,-112.2062906
Sun Feb 28 15:56:55 +0000 2016,-38.74207127
Sun Feb 28 15:56:56 +0000 2016,-148.350764
Sun Feb 28 15:56:56 +0000 2016,-112.2062906
Sun Feb 28 15:56:56 +0000 2016,-112.2062906
Sun Feb 28 15:56:56 +0000 2016,-34.42641873
Sun Feb 28 15:56:56 +0000 2016,0.734001155
Sun Feb 28 15:56:56 +0000 2016,-25.85571374
Sun Feb 28 15:56:56 +0000 2016,-87.45731199
Sun Feb 28 15:56:57 +0000 2016,-22.3087213
Sun Feb 28 15:56:57 +0000 2016,-0.643980272
Sun Feb 28 15:03:58 +0000 2016,-58.77066858
Sun Feb 28 15:03:58 +0000 2016,-87.45731199
Sun Feb 28 15:03:58 +0000 2016,15.7289436
Sun Feb 28 15:04:01 +0000 2016,19.09474259
Sun Feb 28 15:04:01 +0000 2016,22.11032442
Sun Feb 28 15:04:02 +0000 2016,-167.2944279
Sun Feb 28 15:04:03 +0000 2016,-70.23259017
Sun Feb 28 15:04:03 +0000 2016,25.11305055
Sun Feb 28 15:04:03 +0000 2016,12.68627708
Sun Feb 28 15:04:04 +0000 2016,54.41510089
Sun Feb 28 15:04:04 +0000 2016,-2.715536748
Sun Feb 28 15:04:04 +0000 2016,68.24934049
Sun Feb 28 15:04:04 +0000 2016,0.38969849
Sun Feb 28 15:04:05 +0000 2016,39.2789068
Sun Feb 28 15:04:05 +0000 2016,38.62672883
Sun Feb 28 15:04:06 +0000 2016,9.630924549
Sun Feb 28 15:04:07 +0000 2016,54.41510089
Sun Feb 28 15:04:07 +0000 2016,75.96284642
Sun Feb 28 15:04:08 +0000 2016,89.87422597
Sun Feb 28 15:04:09 +0000 2016,9.630924549
Sun Feb 28 15:04:10 +0000 2016,18.75883927
Sun Feb 28 15:04:11 +0000 2016,-65.78142792
Sun Feb 28 15:04:12 +0000 2016,53.77852232
Sun Feb 28 15:04:13 +0000 2016,9.630924549
Sun Feb 28 15:04:14 +0000 2016,9.630924549
Sun Feb 28 15:04:14 +0000 2016,10.31104425
Sun Feb 28 15:04:15 +0000 2016,9.290651154
Sun Feb 28 15:04:15 +0000 2016,-50.71097477
Sun Feb 28 15:04:15 +0000 2016,36.66616708
Sun Feb 28 15:04:15 +0000 2016,12.68627708
Sun Feb 28 15:04:16 +0000 2016,-48.52396434
Sun Feb 28 15:04:16 +0000 2016,-48.52396434
Sun Feb 28 15:04:16 +0000 2016,-48.52396434
Sun Feb 28 15:04:16 +0000 2016,-7.222411349
Sun Feb 28 15:04:18 +0000 2016,-48.52396434
Sun Feb 28 15:04:18 +0000 2016,41.23158257
Sun Feb 28 15:04:19 +0000 2016,-5.832944636
Sun Feb 28 15:04:19 +0000 2016,15.7289436
Sun Feb 28 15:04:19 +0000 2016,-12.10435745
Sun Feb 28 15:04:19 +0000 2016,8.268971045
Sun Feb 28 15:04:20 +0000 2016,-12.10435745
Sun Feb 28 15:04:20 +0000 2016,-50.71097477
Sun Feb 28 15:04:20 +0000 2016,-31.5605756
Sun Feb 28 15:04:21 +0000 2016,-5.832944636
Sun Feb 28 15:04:21 +0000 2016,-50.34618639
Sun Feb 28 15:04:21 +0000 2016,-30.84548523
Sun Feb 28 15:04:21 +0000 2016,-8.962608578
Sun Feb 28 15:04:21 +0000 2016,-50.34618639
Sun Feb 28 15:04:22 +0000 2016,-15.25802014
Sun Feb 28 15:04:22 +0000 2016,18.75883927
Sun Feb 28 15:04:22 +0000 2016,-34.42650501
Sun Feb 28 15:04:22 +0000 2016,79.3228172
Sun Feb 28 15:04:23 +0000 2016,-50.34618639
Sun Feb 28 15:04:23 +0000 2016,22.44459849
Sun Feb 28 15:04:23 +0000 2016,-12.10435745
Sun Feb 28 15:04:23 +0000 2016,54.41510089
Sun Feb 28 15:04:23 +0000 2016,-104.1606532
Sun Feb 28 15:04:24 +0000 2016,-18.07132459
Sun Feb 28 15:04:24 +0000 2016,-21.6010021
Sun Feb 28 15:04:25 +0000 2016,-50.34618639
Sun Feb 28 15:04:26 +0000 2016,-47.06858556
Sun Feb 28 15:04:27 +0000 2016,-24.43521935
Sun Feb 28 15:04:27 +0000 2016,-18.42368292
Sun Feb 28 15:04:29 +0000 2016,-13.15423526
Sun Feb 28 15:04:29 +0000 2016,-5.485984551
Sun Feb 28 15:04:30 +0000 2016,-50.71097477
Sun Feb 28 15:04:30 +0000 2016,-48.52396434
Sun Feb 28 15:04:31 +0000 2016,65.83647957
Sun Feb 28 15:04:33 +0000 2016,4.168198498
Sun Feb 28 15:04:35 +0000 2016,-12.10435745
Sun Feb 28 15:04:35 +0000 2016,33.71435469
Sun Feb 28 15:04:37 +0000 2016,-5.139197026
Sun Feb 28 15:04:39 +0000 2016,59.7989729
Sun Feb 28 15:04:41 +0000 2016,-87.08018271
Sun Feb 28 15:04:42 +0000 2016,-87.08018271
Sun Feb 28 15:04:42 +0000 2016,54.41510089
Sun Feb 28 15:04:44 +0000 2016,32.3982575
Sun Feb 28 15:04:45 +0000 2016,-15.25802014
Sun Feb 28 15:04:48 +0000 2016,0.38969849
Sun Feb 28 15:04:48 +0000 2016,9.290651154
Sun Feb 28 15:04:49 +0000 2016,-5.832944636
Sun Feb 28 15:04:49 +0000 2016,-93.50639023
Sun Feb 28 15:04:51 +0000 2016,-21.6010021
Sun Feb 28 15:04:51 +0000 2016,-18.42359807
Sun Feb 28 15:04:53 +0000 2016,28.51698955
Sun Feb 28 15:04:54 +0000 2016,9.631010829
Sun Feb 28 15:04:55 +0000 2016,119.6830871
Sun Feb 28 15:04:57 +0000 2016,59.48364157
Sun Feb 28 15:04:59 +0000 2016,26.44346158
Sun Feb 28 15:05:01 +0000 2016,9.290651154
Sun Feb 28 15:05:01 +0000 2016,-39.10257298
Sun Feb 28 15:05:01 +0000 2016,9.290651154
Sun Feb 28 15:05:01 +0000 2016,9.290651154
Sun Feb 28 15:05:03 +0000 2016,61.37323382
Sun Feb 28 15:05:03 +0000 2016,-5.832944636
Sun Feb 28 15:05:06 +0000 2016,54.41510089
Sun Feb 28 15:05:07 +0000 2016,18.75883927
Sun Feb 28 15:05:07 +0000 2016,-37.66125063
Sun Feb 28 15:05:08 +0000 2016,-12.10435745
Sun Feb 28 15:05:08 +0000 2016,9.290651154
Sun Feb 28 15:55:51 +0000 2016,75.96284642
Sun Feb 28 15:55:52 +0000 2016,-87.08018271
Sun Feb 28 15:55:52 +0000 2016,0.38969849
Sun Feb 28 15:55:52 +0000 2016,-47.06858556
Sun Feb 28 15:55:52 +0000 2016,18.75883927
Sun Feb 28 15:55:53 +0000 2016,69.49069775
Sun Feb 28 15:55:53 +0000 2016,-37.66125063
Sun Feb 28 15:55:53 +0000 2016,89.57569333
Sun Feb 28 15:55:54 +0000 2016,-100.2505879
Sun Feb 28 15:55:55 +0000 2016,13.02500751
Sun Feb 28 15:55:56 +0000 2016,78.71349443
Sun Feb 28 15:55:56 +0000 2016,60.42920846
Sun Feb 28 15:55:56 +0000 2016,84.77568721
Sun Feb 28 15:55:57 +0000 2016,-18.42368292
Sun Feb 28 15:55:57 +0000 2016,-21.24744305
Sun Feb 28 15:55:57 +0000 2016,-15.60926546
Sun Feb 28 15:55:57 +0000 2016,50.90556397
Sun Feb 28 15:55:58 +0000 2016,-52.81133146
Sun Feb 28 15:55:59 +0000 2016,62.31571477
Sun Feb 28 15:56:02 +0000 2016,-2.715536748
Sun Feb 28 15:56:02 +0000 2016,22.44459849
Sun Feb 28 15:56:02 +0000 2016,53.46001877
Sun Feb 28 15:56:02 +0000 2016,6.648426729
Sun Feb 28 15:56:03 +0000 2016,78.71349443
Sun Feb 28 15:56:04 +0000 2016,-4.0995175
Sun Feb 28 15:56:04 +0000 2016,22.44459849
Sun Feb 28 15:56:04 +0000 2016,87.48116484
Sun Feb 28 15:56:05 +0000 2016,116.8708985
Sun Feb 28 15:56:07 +0000 2016,9.630924549
Sun Feb 28 15:56:08 +0000 2016,67.93863664
Sun Feb 28 15:56:09 +0000 2016,15.7289436
Sun Feb 28 15:56:10 +0000 2016,-26.56686112
Sun Feb 28 15:56:11 +0000 2016,32.39817122
Sun Feb 28 15:56:11 +0000 2016,54.41510089
Sun Feb 28 15:56:13 +0000 2016,42.53002259
Sun Feb 28 15:56:14 +0000 2016,94.92236722
Sun Feb 28 15:56:14 +0000 2016,-52.17166695
Sun Feb 28 15:56:15 +0000 2016,-8.962608578
Sun Feb 28 15:56:15 +0000 2016,-1.333869733
Sun Feb 28 15:56:16 +0000 2016,33.38556659
Sun Feb 28 15:56:16 +0000 2016,39.60478153
Sun Feb 28 15:56:18 +0000 2016,89.57569333
Sun Feb 28 15:56:20 +0000 2016,65.44640832
Sun Feb 28 15:56:20 +0000 2016,56.63793904
Sun Feb 28 15:56:20 +0000 2016,-8.614278081
Sun Feb 28 15:56:21 +0000 2016,44.79605963
Sun Feb 28 15:56:21 +0000 2016,92.55304743
Sun Feb 28 15:56:22 +0000 2016,-162.5422482
Sun Feb 28 15:56:22 +0000 2016,30.74934149
Sun Feb 28 15:56:23 +0000 2016,18.75883927
Sun Feb 28 15:56:23 +0000 2016,32.3982575
Sun Feb 28 15:56:24 +0000 2016,-31.20290099
Sun Feb 28 15:56:24 +0000 2016,62.6295894
Sun Feb 28 15:56:25 +0000 2016,15.7289436
Sun Feb 28 15:56:26 +0000 2016,-76.94267282
Sun Feb 28 15:56:26 +0000 2016,-30.84548523
Sun Feb 28 15:56:26 +0000 2016,62.94320807
Sun Feb 28 15:56:26 +0000 2016,-70.23259017
Sun Feb 28 15:56:27 +0000 2016,-12.10435745
Sun Feb 28 15:56:27 +0000 2016,33.71435469
Sun Feb 28 15:56:27 +0000 2016,17.41377217
Sun Feb 28 15:56:27 +0000 2016,25.11305055
Sun Feb 28 15:56:29 +0000 2016,-16.66351477
Sun Feb 28 15:56:29 +0000 2016,54.41510089
Sun Feb 28 15:56:30 +0000 2016,45.11910581
Sun Feb 28 15:56:31 +0000 2016,21.77587923
Sun Feb 28 15:56:31 +0000 2016,21.77587923
Sun Feb 28 15:56:32 +0000 2016,84.77568721
Sun Feb 28 15:56:33 +0000 2016,25.11305055
Sun Feb 28 15:56:33 +0000 2016,-31.6499716
Sun Feb 28 15:56:33 +0000 2016,18.75883927
Sun Feb 28 15:56:33 +0000 2016,-40.54603795
Sun Feb 28 15:56:34 +0000 2016,90.1725012
Sun Feb 28 15:56:34 +0000 2016,54.41510089
Sun Feb 28 15:56:35 +0000 2016,41.88118796
Sun Feb 28 15:56:36 +0000 2016,-20.45229934
Sun Feb 28 15:56:36 +0000 2016,30.74934149
Sun Feb 28 15:56:37 +0000 2016,109.9063377
Sun Feb 28 15:56:37 +0000 2016,-2.715536748
Sun Feb 28 15:56:38 +0000 2016,62.31571477
Sun Feb 28 15:56:41 +0000 2016,33.71435469
" 'Smart Power' and a Dictator's Fall"" https://t.co/KsfLGvQ5MH-",42.8542695
Sun Feb 28 15:56:42 +0000 2016,39.60478153
Sun Feb 28 15:56:43 +0000 2016,84.17262118
Sun Feb 28 15:56:44 +0000 2016,110.6218566
Sun Feb 28 15:56:45 +0000 2016,33.71435469
Sun Feb 28 15:56:46 +0000 2016,-21.24744305
Sun Feb 28 15:56:47 +0000 2016,-12.10435745
Sun Feb 28 15:56:48 +0000 2016,32.3982575
Sun Feb 28 15:56:48 +0000 2016,67.62767539
Sun Feb 28 15:56:49 +0000 2016,81.1466685
Sun Feb 28 15:56:50 +0000 2016,113.7570051
Sun Feb 28 15:56:50 +0000 2016,18.75883927
Sun Feb 28 15:56:50 +0000 2016,-4.0995175
Sun Feb 28 15:56:51 +0000 2016,-8.614278081
Sun Feb 28 15:56:51 +0000 2016,67.62767539
Sun Feb 28 15:56:53 +0000 2016,56.32089218
Sun Feb 28 15:56:57 +0000 2016,45.44198087
Sun Feb 28 15:56:57 +0000 2016,-24.79015026
" 'Smart Power' and a Dictator's Fall"" https://t.co/KsfLGvQ5MH-",-40.54603795
Sun Feb 28 15:00:16 +0000 2016,-60.61106262
Sun Feb 28 15:00:16 +0000 2016,65.44640832
Sun Feb 28 15:00:18 +0000 2016,78.71340959
Sun Feb 28 15:00:20 +0000 2016,22.11032442
Sun Feb 28 15:00:21 +0000 2016,42.8542695
Sun Feb 28 15:00:22 +0000 2016,12.68627708
Sun Feb 28 15:00:27 +0000 2016,-27.9907837
Sun Feb 28 15:00:28 +0000 2016,-117.9807501
Sun Feb 28 15:00:29 +0000 2016,-117.9807501
Sun Feb 28 15:00:29 +0000 2016,-76.94258798
Sun Feb 28 15:00:31 +0000 2016,-117.9807501
Sun Feb 28 15:00:38 +0000 2016,-94.26459321
Sun Feb 28 15:00:38 +0000 2016,-117.9807501
Sun Feb 28 15:00:40 +0000 2016,65.13407522
Sun Feb 28 15:00:50 +0000 2016,62.6295894
Sun Feb 28 15:00:50 +0000 2016,-94.26459321
Sun Feb 28 15:00:56 +0000 2016,-117.9807501
Sun Feb 28 15:00:56 +0000 2016,-94.26459321
Sun Feb 28 15:00:57 +0000 2016,-31.20290099
Sun Feb 28 15:00:58 +0000 2016,-104.1605669
Sun Feb 28 15:01:08 +0000 2016,-117.9807501
Sun Feb 28 15:01:13 +0000 2016,-94.26450693
Sun Feb 28 15:01:17 +0000 2016,-39.10257298
Sun Feb 28 15:01:17 +0000 2016,-17.0152749
Sun Feb 28 15:01:25 +0000 2016,-131.9289855
Sun Feb 28 15:01:27 +0000 2016,-13.85492552
Sun Feb 28 15:01:35 +0000 2016,-6.180075842
Sun Feb 28 15:01:53 +0000 2016,-31.20290099
Sun Feb 28 15:01:55 +0000 2016,-24.79015026
Sun Feb 28 15:02:02 +0000 2016,-107.9861211
Sun Feb 28 15:02:06 +0000 2016,-94.26459321
Sun Feb 28 15:02:13 +0000 2016,65.13407522
Sun Feb 28 15:02:13 +0000 2016,39.60478153
Sun Feb 28 15:02:14 +0000 2016,-34.42641873
Sun Feb 28 15:02:18 +0000 2016,-54.00048941
Sun Feb 28 15:02:20 +0000 2016,-34.42641873
Sun Feb 28 15:02:21 +0000 2016,-84.06751426
Sun Feb 28 15:02:25 +0000 2016,-5.485984551
Sun Feb 28 15:02:30 +0000 2016,-15.25810642
Sun Feb 28 15:02:35 +0000 2016,-135.8249944
Sun Feb 28 15:02:35 +0000 2016,-97.30168892
Sun Feb 28 15:02:37 +0000 2016,-37.30126373
Sun Feb 28 15:02:37 +0000 2016,-117.9807501
Sun Feb 28 15:02:38 +0000 2016,65.13407522
Sun Feb 28 15:02:39 +0000 2016,-53.6344169
Sun Feb 28 15:02:40 +0000 2016,-63.9320349
Sun Feb 28 15:02:40 +0000 2016,-94.26459321
Sun Feb 28 15:02:40 +0000 2016,-87.45731199
Sun Feb 28 15:02:41 +0000 2016,-94.26459321
Sun Feb 28 15:02:41 +0000 2016,-135.8249944
Sun Feb 28 15:02:42 +0000 2016,-37.30126373
Sun Feb 28 15:02:44 +0000 2016,-94.26459321
Sun Feb 28 15:02:44 +0000 2016,-94.26459321
Sun Feb 28 15:02:45 +0000 2016,-94.26459321
Sun Feb 28 15:03:08 +0000 2016,-94.26459321
Sun Feb 28 15:03:10 +0000 2016,-94.26459321
Sun Feb 28 15:03:14 +0000 2016,-94.26459321
Sun Feb 28 15:03:16 +0000 2016,-94.26459321
Sun Feb 28 15:03:16 +0000 2016,-94.26459321
Sun Feb 28 15:03:33 +0000 2016,-64.30162187
Sun Feb 28 15:03:34 +0000 2016,-142.8600099
Sun Feb 28 15:03:41 +0000 2016,-37.30126373
Sun Feb 28 15:03:46 +0000 2016,65.13407522
Sun Feb 28 15:03:51 +0000 2016,-94.26459321
Sun Feb 28 15:03:59 +0000 2016,-40.90722558
Sun Feb 28 15:04:05 +0000 2016,-94.26459321
Sun Feb 28 15:04:07 +0000 2016,-47.79601683
Sun Feb 28 15:04:10 +0000 2016,-70.23259017
Sun Feb 28 15:04:14 +0000 2016,20.43655406
Sun Feb 28 15:04:16 +0000 2016,-94.26459321
Sun Feb 28 15:04:19 +0000 2016,-70.23259017
Sun Feb 28 15:04:19 +0000 2016,53.77852232
Sun Feb 28 15:04:23 +0000 2016,65.13407522
Sun Feb 28 15:04:28 +0000 2016,-40.90722558
Sun Feb 28 15:04:29 +0000 2016,-40.90722558
Sun Feb 28 15:04:31 +0000 2016,-40.90722558
Sun Feb 28 15:04:37 +0000 2016,-40.90722558
Sun Feb 28 15:04:47 +0000 2016,-27.9907837
Sun Feb 28 15:04:49 +0000 2016,-40.90722558
Sun Feb 28 15:04:54 +0000 2016,-38.0214101
Sun Feb 28 15:04:59 +0000 2016,30.08867933
Sun Feb 28 15:05:03 +0000 2016,-3.40722802
Sun Feb 28 15:05:06 +0000 2016,-60.6111489
Sun Feb 28 15:05:11 +0000 2016,-40.90722558
Sun Feb 28 15:36:19 +0000 2016,-40.90722558
Sun Feb 28 15:36:22 +0000 2016,-40.90722558
Sun Feb 28 15:36:32 +0000 2016,65.13407522
Sun Feb 28 15:36:33 +0000 2016,-87.08018271
Sun Feb 28 15:36:34 +0000 2016,-27.9907837
Sun Feb 28 15:37:06 +0000 2016,-87.08018271
Sun Feb 28 15:37:16 +0000 2016,-71.72036704
Sun Feb 28 15:37:22 +0000 2016,-15.25810642
Sun Feb 28 15:37:44 +0000 2016,9.630924549
Sun Feb 28 15:37:56 +0000 2016,-35.5034675
Sun Feb 28 15:38:31 +0000 2016,-43.43948201
Sun Feb 28 15:38:43 +0000 2016,27.77121518
Sun Feb 28 15:38:59 +0000 2016,-21.6010021
Sun Feb 28 15:39:10 +0000 2016,-15.25810642
Sun Feb 28 15:39:17 +0000 2016,9.630924549
Sun Feb 28 15:39:36 +0000 2016,53.14125926
Sun Feb 28 15:39:39 +0000 2016,-15.25810642
Sun Feb 28 15:40:20 +0000 2016,27.43951225
Sun Feb 28 15:40:41 +0000 2016,-85.10230747
Sun Feb 28 15:40:44 +0000 2016,-24.79015026
Sun Feb 28 15:41:11 +0000 2016,65.13407522
Sun Feb 28 15:41:12 +0000 2016,27.43951225
Sun Feb 28 15:41:16 +0000 2016,-54.00048941
Sun Feb 28 15:41:16 +0000 2016,-27.9907837
Sun Feb 28 15:41:16 +0000 2016,9.630924549
Sun Feb 28 15:41:16 +0000 2016,9.630924549
Sun Feb 28 15:41:16 +0000 2016,3.139575736
Sun Feb 28 15:41:17 +0000 2016,-27.9907837
Sun Feb 28 15:41:17 +0000 2016,-15.25810642
Sun Feb 28 15:41:49 +0000 2016,-27.9907837
Sun Feb 28 15:42:03 +0000 2016,-15.25810642
Sun Feb 28 15:42:09 +0000 2016,27.43951225
Sun Feb 28 15:42:16 +0000 2016,-15.25810642
Sun Feb 28 15:42:28 +0000 2016,-15.25810642
Sun Feb 28 15:42:37 +0000 2016,-15.25810642
Sun Feb 28 15:42:38 +0000 2016,9.630924549
Sun Feb 28 15:42:50 +0000 2016,-17.0152749
Sun Feb 28 15:42:52 +0000 2016,27.43951225
Sun Feb 28 15:42:58 +0000 2016,-15.25810642
Sun Feb 28 15:43:11 +0000 2016,48.6616419
Sun Feb 28 15:43:13 +0000 2016,12.34746038
Sun Feb 28 15:43:39 +0000 2016,-6.180075842
Sun Feb 28 15:43:46 +0000 2016,-67.26312061
Sun Feb 28 15:44:03 +0000 2016,51.22543937
Sun Feb 28 15:44:08 +0000 2016,9.630924549
Sun Feb 28 15:44:09 +0000 2016,-67.26312061
Sun Feb 28 15:44:26 +0000 2016,-15.25810642
Sun Feb 28 15:44:31 +0000 2016,-51.80628036
Sun Feb 28 15:44:34 +0000 2016,-125.3270691
Sun Feb 28 15:44:34 +0000 2016,51.22543937
Sun Feb 28 15:44:34 +0000 2016,2.109497721
Sun Feb 28 15:44:37 +0000 2016,65.13407522
Sun Feb 28 15:44:49 +0000 2016,-94.26459321
Sun Feb 28 15:45:13 +0000 2016,-96.16189887
Sun Feb 28 15:45:38 +0000 2016,-34.42650501
Sun Feb 28 15:45:55 +0000 2016,-15.25810642
Sun Feb 28 15:46:06 +0000 2016,48.6616419
Sun Feb 28 15:46:06 +0000 2016,-27.9907837
Sun Feb 28 15:46:09 +0000 2016,-32.63419474
Sun Feb 28 15:46:12 +0000 2016,-35.5034675
Sun Feb 28 15:46:41 +0000 2016,-47.79601683
Sun Feb 28 15:47:03 +0000 2016,27.43951225
Sun Feb 28 15:47:14 +0000 2016,-31.20290099
Sun Feb 28 15:47:41 +0000 2016,9.630924549
Sun Feb 28 15:48:00 +0000 2016,-18.42368292
Sun Feb 28 15:48:26 +0000 2016,65.13407522
Sun Feb 28 15:49:03 +0000 2016,-15.25810642
Sun Feb 28 15:49:26 +0000 2016,-31.20290099
Sun Feb 28 15:49:26 +0000 2016,-15.25810642
Sun Feb 28 15:50:14 +0000 2016,9.630924549
Sun Feb 28 15:50:17 +0000 2016,51.22543937
Sun Feb 28 15:50:17 +0000 2016,-15.25810642
Sun Feb 28 15:50:43 +0000 2016,-50.34618639
Sun Feb 28 15:50:47 +0000 2016,65.13407522
Sun Feb 28 15:50:56 +0000 2016,-37.66125063
Sun Feb 28 15:50:57 +0000 2016,-27.9907837
Sun Feb 28 15:51:05 +0000 2016,9.630924549
Sun Feb 28 15:51:10 +0000 2016,9.630924549
Sun Feb 28 15:51:30 +0000 2016,52.50330883
Sun Feb 28 15:51:35 +0000 2016,-2.715536748
Sun Feb 28 15:51:39 +0000 2016,-15.25810642
Sun Feb 28 15:51:49 +0000 2016,9.630924549
Sun Feb 28 15:51:52 +0000 2016,51.22543937
Sun Feb 28 15:52:02 +0000 2016,65.13407522
Sun Feb 28 15:52:20 +0000 2016,9.630924549
Sun Feb 28 15:52:45 +0000 2016,9.630924549
Sun Feb 28 15:52:49 +0000 2016,53.14125926
Sun Feb 28 15:53:20 +0000 2016,9.630924549
Sun Feb 28 15:53:21 +0000 2016,48.6616419
Sun Feb 28 15:54:08 +0000 2016,-2.715451906
Sun Feb 28 15:54:14 +0000 2016,65.13407522
Sun Feb 28 15:54:15 +0000 2016,49.62435116
Sun Feb 28 15:54:27 +0000 2016,46.16786917
Sun Feb 28 15:54:50 +0000 2016,-60.6111489
Sun Feb 28 15:55:17 +0000 2016,6.563058558
Sun Feb 28 15:55:26 +0000 2016,-100.7267996
Sun Feb 28 15:56:12 +0000 2016,9.630924549
Sun Feb 28 15:56:18 +0000 2016,6.563058558
Sun Feb 28 15:56:49 +0000 2016,-18.42368292
Sun Feb 28 15:56:50 +0000 2016,9.630924549
Sun Feb 28 12:25:35 +0000 2016,65.13407522
Sun Feb 28 12:28:19 +0000 2016,45.44198087
Sun Feb 28 12:32:18 +0000 2016,-54.00048941
Sun Feb 28 12:33:19 +0000 2016,9.630924549
Sun Feb 28 12:33:59 +0000 2016,24.11357025
Sun Feb 28 12:36:46 +0000 2016,-73.58270348
Sun Feb 28 12:37:16 +0000 2016,11.66922589
Sun Feb 28 12:37:56 +0000 2016,37.32040283
Sun Feb 28 12:44:39 +0000 2016,28.10274699
Sun Feb 28 12:49:07 +0000 2016,37.32040283
Sun Feb 28 12:50:43 +0000 2016,37.32040283
Sun Feb 28 12:55:58 +0000 2016,37.32040283
Sun Feb 28 12:56:50 +0000 2016,37.32040283
Sun Feb 28 12:57:53 +0000 2016,37.32040283
Sun Feb 28 12:58:44 +0000 2016,6.563058558
Sun Feb 28 12:59:08 +0000 2016,37.40208541
Sun Feb 28 12:59:20 +0000 2016,37.32040283
Sun Feb 28 12:59:38 +0000 2016,37.32040283
Sun Feb 28 13:00:35 +0000 2016,37.32040283
Sun Feb 28 13:03:08 +0000 2016,37.32040283
Sun Feb 28 13:03:44 +0000 2016,37.32040283
Sun Feb 28 13:10:28 +0000 2016,37.32040283
Sun Feb 28 13:17:07 +0000 2016,37.32040283
Sun Feb 28 13:18:41 +0000 2016,37.32040283
Sun Feb 28 13:21:34 +0000 2016,37.32040283
Sun Feb 28 13:21:38 +0000 2016,37.32040283
Sun Feb 28 13:23:18 +0000 2016,11.66922589
Sun Feb 28 13:23:26 +0000 2016,37.32040283
Sun Feb 28 13:23:52 +0000 2016,20.43655406
Sun Feb 28 13:26:06 +0000 2016,37.32040283
Sun Feb 28 13:26:35 +0000 2016,-18.42368292
Sun Feb 28 13:29:41 +0000 2016,37.32040283
Sun Feb 28 13:31:01 +0000 2016,37.32040283
Sun Feb 28 13:31:52 +0000 2016,-8.614362923
Sun Feb 28 13:35:36 +0000 2016,16.06621734
Sun Feb 28 13:36:02 +0000 2016,37.32040283
Sun Feb 28 13:36:16 +0000 2016,-18.42368292
Sun Feb 28 13:37:33 +0000 2016,37.32040283
Sun Feb 28 13:38:42 +0000 2016,16.06621734
Sun Feb 28 13:40:17 +0000 2016,-26.83368016
Sun Feb 28 13:40:30 +0000 2016,-40.54603795
Sun Feb 28 13:40:53 +0000 2016,16.06621734
Sun Feb 28 13:40:54 +0000 2016,37.32040283
Sun Feb 28 13:41:51 +0000 2016,16.06621734
Sun Feb 28 13:43:23 +0000 2016,33.71435469
Sun Feb 28 13:44:52 +0000 2016,-18.42368292
Sun Feb 28 13:45:02 +0000 2016,-27.63465207
Sun Feb 28 13:45:15 +0000 2016,-15.25802014
Sun Feb 28 13:46:27 +0000 2016,33.71435469
Sun Feb 28 13:46:32 +0000 2016,-27.63465207
Sun Feb 28 13:47:34 +0000 2016,16.06621734
Sun Feb 28 13:48:02 +0000 2016,37.32040283
Sun Feb 28 13:48:48 +0000 2016,33.71435469
Sun Feb 28 13:51:19 +0000 2016,-40.09476695
Sun Feb 28 13:51:34 +0000 2016,-27.63465207
Sun Feb 28 13:51:36 +0000 2016,33.71435469
Sun Feb 28 13:57:46 +0000 2016,33.71435469
Sun Feb 28 13:58:55 +0000 2016,37.32040283
Sun Feb 28 14:00:02 +0000 2016,37.32040283
Sun Feb 28 14:01:13 +0000 2016,37.32040283
Sun Feb 28 14:02:18 +0000 2016,33.71435469
Sun Feb 28 14:02:29 +0000 2016,37.32040283
Sun Feb 28 14:03:54 +0000 2016,16.06621734
Sun Feb 28 14:05:47 +0000 2016,-13.50453869
Sun Feb 28 14:05:48 +0000 2016,33.71435469
Sun Feb 28 14:05:54 +0000 2016,-27.63465207
Sun Feb 28 14:06:08 +0000 2016,-27.63465207
Sun Feb 28 14:06:11 +0000 2016,33.71435469
Sun Feb 28 14:10:04 +0000 2016,37.32040283
Sun Feb 28 14:10:43 +0000 2016,33.71435469
Sun Feb 28 14:11:22 +0000 2016,-21.24744305
Sun Feb 28 14:11:30 +0000 2016,33.71435469
Sun Feb 28 14:12:30 +0000 2016,37.32031655
Sun Feb 28 14:15:46 +0000 2016,33.71435469
Sun Feb 28 14:16:22 +0000 2016,15.39149875
Sun Feb 28 14:16:32 +0000 2016,-17.71922222
Sun Feb 28 14:20:14 +0000 2016,59.79905918
Sun Feb 28 14:20:44 +0000 2016,16.06621734
Sun Feb 28 14:22:21 +0000 2016,21.77587923
Sun Feb 28 14:24:30 +0000 2016,37.32040283
Sun Feb 28 14:27:54 +0000 2016,37.32040283
Sun Feb 28 14:29:24 +0000 2016,37.32040283
Sun Feb 28 14:30:39 +0000 2016,37.32040283
Sun Feb 28 14:31:28 +0000 2016,37.32040283
Sun Feb 28 14:31:39 +0000 2016,37.32040283
Sun Feb 28 14:31:57 +0000 2016,44.1494539
Sun Feb 28 14:33:23 +0000 2016,37.32040283
Sun Feb 28 14:40:03 +0000 2016,37.32040283
Sun Feb 28 14:41:50 +0000 2016,37.32040283
Sun Feb 28 14:42:04 +0000 2016,37.32040283
Sun Feb 28 14:43:55 +0000 2016,37.32040283
Sun Feb 28 14:47:24 +0000 2016,37.32040283
Sun Feb 28 14:48:20 +0000 2016,37.32040283
Sun Feb 28 14:49:35 +0000 2016,-11.75474139
Sun Feb 28 14:51:22 +0000 2016,37.32040283
Sun Feb 28 14:52:02 +0000 2016,37.32040283
Sun Feb 28 14:57:19 +0000 2016,51.70490806
Sun Feb 28 14:58:12 +0000 2016,37.32040283
Sun Feb 28 14:58:50 +0000 2016,37.32040283
Sun Feb 28 14:59:51 +0000 2016,9.971026823
Sun Feb 28 15:07:36 +0000 2016,37.32040283
Sun Feb 28 15:08:46 +0000 2016,37.32040283
Sun Feb 28 15:11:33 +0000 2016,-30.4881543
Sun Feb 28 15:12:09 +0000 2016,37.32040283
Sun Feb 28 15:12:37 +0000 2016,37.32040283
Sun Feb 28 15:12:48 +0000 2016,-2.024360278
Sun Feb 28 15:13:55 +0000 2016,37.32040283
Sun Feb 28 15:14:14 +0000 2016,-17.71913594
Sun Feb 28 15:15:17 +0000 2016,0.734001155
Sun Feb 28 15:17:52 +0000 2016,37.32040283
Sun Feb 28 15:18:51 +0000 2016,37.32040283
Sun Feb 28 15:24:54 +0000 2016,-48.52396434
Sun Feb 28 15:25:07 +0000 2016,63.25665418
Sun Feb 28 15:26:26 +0000 2016,37.32040283
Sun Feb 28 15:27:52 +0000 2016,-40.54603795
Sun Feb 28 15:27:53 +0000 2016,-16.66351477
Sun Feb 28 15:28:31 +0000 2016,-47.43225805
Sun Feb 28 15:28:46 +0000 2016,16.06621734
Sun Feb 28 15:28:57 +0000 2016,16.06621734
Sun Feb 28 15:30:01 +0000 2016,16.06621734
Sun Feb 28 15:30:44 +0000 2016,37.32040283
Sun Feb 28 15:30:51 +0000 2016,37.32040283
Sun Feb 28 15:31:00 +0000 2016,37.32040283
Sun Feb 28 15:31:01 +0000 2016,37.32040283
Sun Feb 28 15:31:13 +0000 2016,37.32040283
Sun Feb 28 15:31:37 +0000 2016,16.06621734
Sun Feb 28 15:32:50 +0000 2016,-34.06771739
Sun Feb 28 15:33:04 +0000 2016,-87.08026755
Sun Feb 28 15:35:23 +0000 2016,16.06621734
Sun Feb 28 15:35:39 +0000 2016,37.32040283
Sun Feb 28 15:36:44 +0000 2016,6.904532681
Sun Feb 28 15:36:48 +0000 2016,37.32040283
Sun Feb 28 15:37:25 +0000 2016,16.06621734
Sun Feb 28 15:39:00 +0000 2016,34.04297168
Sun Feb 28 15:41:44 +0000 2016,48.66172674
Sun Feb 28 15:42:57 +0000 2016,37.32040283
Sun Feb 28 15:48:26 +0000 2016,37.32040283
Sun Feb 28 15:53:42 +0000 2016,-93.88540616
Sun Feb 28 15:56:17 +0000 2016,55.6862851
Sun Feb 28 15:56:25 +0000 2016,16.06621734
Sun Feb 28 15:02:57 +0000 2016,36.66616708
Sun Feb 28 15:02:58 +0000 2016,-21.24744305
Sun Feb 28 15:03:00 +0000 2016,-14.9071185
Sun Feb 28 15:03:02 +0000 2016,1.078046418
Sun Feb 28 15:03:02 +0000 2016,33.71435469
Sun Feb 28 15:03:03 +0000 2016,16.06621734
Sun Feb 28 15:03:07 +0000 2016,36.66616708
Sun Feb 28 15:03:15 +0000 2016,-2.369863671
Sun Feb 28 15:03:17 +0000 2016,21.77587923
Sun Feb 28 15:03:19 +0000 2016,-129.984538
Sun Feb 28 15:03:20 +0000 2016,71.03855848
Sun Feb 28 15:03:21 +0000 2016,71.03855848
Sun Feb 28 15:03:21 +0000 2016,-25.85571374
Sun Feb 28 15:03:22 +0000 2016,15.7289436
Sun Feb 28 15:03:24 +0000 2016,65.13407522
Sun Feb 28 15:03:25 +0000 2016,-4.35930904
Sun Feb 28 15:03:26 +0000 2016,-37.66125063
Sun Feb 28 15:03:27 +0000 2016,-12.10435745
Sun Feb 28 15:03:27 +0000 2016,-29.06028874
Sun Feb 28 15:03:27 +0000 2016,-62.36257401
Sun Feb 28 15:03:29 +0000 2016,27.77121518
Sun Feb 28 15:03:29 +0000 2016,27.43951225
Sun Feb 28 15:03:34 +0000 2016,-37.66125063
Sun Feb 28 15:03:35 +0000 2016,21.77587923
Sun Feb 28 15:03:35 +0000 2016,32.39817122
Sun Feb 28 15:03:37 +0000 2016,-36.94144794
Sun Feb 28 15:03:40 +0000 2016,15.7289436
Sun Feb 28 15:03:41 +0000 2016,-129.984538
Sun Feb 28 15:03:44 +0000 2016,-54.00048941
Sun Feb 28 15:03:46 +0000 2016,-114.5133825
Sun Feb 28 15:03:46 +0000 2016,12.68627708
Sun Feb 28 15:03:49 +0000 2016,3.482592831
Sun Feb 28 15:03:50 +0000 2016,27.43951225
Sun Feb 28 15:03:50 +0000 2016,65.13407522
Sun Feb 28 15:03:54 +0000 2016,-129.984538
Sun Feb 28 15:03:55 +0000 2016,21.77587923
Sun Feb 28 15:03:56 +0000 2016,-101.1078718
Sun Feb 28 15:03:56 +0000 2016,-129.984538
Sun Feb 28 15:03:57 +0000 2016,18.75883927
Sun Feb 28 15:03:58 +0000 2016,39.2789068
Sun Feb 28 15:03:59 +0000 2016,-18.77612896
Sun Feb 28 15:04:01 +0000 2016,-84.06760054
Sun Feb 28 15:04:01 +0000 2016,0.38969849
Sun Feb 28 15:04:01 +0000 2016,-8.962608578
Sun Feb 28 15:04:01 +0000 2016,-40.54603795
Sun Feb 28 15:04:01 +0000 2016,-12.10435745
Sun Feb 28 15:04:02 +0000 2016,12.68627708
Sun Feb 28 15:04:03 +0000 2016,84.47432604
Sun Feb 28 15:04:08 +0000 2016,-5.833029477
Sun Feb 28 15:04:08 +0000 2016,-28.34708502
Sun Feb 28 15:04:11 +0000 2016,9.630924549
" You MUST answer Ted Cruz's Goals Disenfranchising 9/11 Health. 🏩""",65.13407522
Sun Feb 28 15:04:14 +0000 2016,0.38969849
Sun Feb 28 15:04:15 +0000 2016,39.60478153
Sun Feb 28 15:04:16 +0000 2016,-54.00048941
 they will say,18.75883927
Sun Feb 28 15:04:18 +0000 2016,0.38969849
Sun Feb 28 15:04:18 +0000 2016,-86.89170291
" he must see no one he really likes."" My Sunday column... https://t…",-27.9907837
Sun Feb 28 15:04:22 +0000 2016,0.38969849
Sun Feb 28 15:04:24 +0000 2016,-5.832944636
Sun Feb 28 15:04:25 +0000 2016,-37.12135584
Sun Feb 28 15:04:26 +0000 2016,0.38969849
Sun Feb 28 15:04:28 +0000 2016,-38.74198499
Sun Feb 28 15:04:29 +0000 2016,9.630924549
Sun Feb 28 15:04:30 +0000 2016,0.38969849
Sun Feb 28 15:04:30 +0000 2016,0.38969849
Sun Feb 28 15:04:31 +0000 2016,0.38969849
Sun Feb 28 15:04:31 +0000 2016,21.10655889
Sun Feb 28 15:04:33 +0000 2016,-7.222411349
Sun Feb 28 15:04:33 +0000 2016,0.38969849
Sun Feb 28 15:04:34 +0000 2016,-47.43225805
Sun Feb 28 15:04:36 +0000 2016,16.06621734
Sun Feb 28 15:04:37 +0000 2016,-87.08018271
Sun Feb 28 15:04:37 +0000 2016,-12.10435745
Sun Feb 28 15:04:38 +0000 2016,65.13407522
Sun Feb 28 15:04:39 +0000 2016,-87.08018271
Sun Feb 28 15:04:39 +0000 2016,-24.79015026
Sun Feb 28 15:04:40 +0000 2016,-50.71097477
Sun Feb 28 15:04:41 +0000 2016,-87.45731199
Sun Feb 28 15:04:42 +0000 2016,48.34048093
Sun Feb 28 15:04:42 +0000 2016,-25.85571374
Sun Feb 28 15:04:42 +0000 2016,-36.94144794
Sun Feb 28 15:04:43 +0000 2016,0.38969849
Sun Feb 28 15:04:45 +0000 2016,8.268971045
Sun Feb 28 15:04:45 +0000 2016,-27.9907837
Sun Feb 28 15:04:45 +0000 2016,-73.21003056
Sun Feb 28 15:04:47 +0000 2016,0.38969849
Sun Feb 28 15:04:47 +0000 2016,-40.90722558
Sun Feb 28 15:04:50 +0000 2016,39.60478153
Sun Feb 28 15:04:54 +0000 2016,48.34048093
Sun Feb 28 15:04:54 +0000 2016,0.38969849
Sun Feb 28 15:04:56 +0000 2016,-18.42359807
Sun Feb 28 15:05:00 +0000 2016,-4.0995175
Sun Feb 28 15:05:02 +0000 2016,21.77587923
Sun Feb 28 15:05:02 +0000 2016,27.77121518
Sun Feb 28 15:05:06 +0000 2016,0.38969849
Sun Feb 28 15:05:06 +0000 2016,18.75883927
Sun Feb 28 15:05:06 +0000 2016,-129.984538
Sun Feb 28 15:05:06 +0000 2016,-77.31654647
Sun Feb 28 15:05:08 +0000 2016,21.77587923
Sun Feb 28 15:54:59 +0000 2016,33.71435469
Sun Feb 28 15:55:01 +0000 2016,-87.08018271
Sun Feb 28 15:55:02 +0000 2016,-8.962608578
" damn it!"" No",-34.06771739
Sun Feb 28 15:55:05 +0000 2016,-77.31654647
Sun Feb 28 15:55:06 +0000 2016,31.49185879
Sun Feb 28 15:55:11 +0000 2016,-15.60918061
Sun Feb 28 15:55:13 +0000 2016,4.168198498
Sun Feb 28 15:55:13 +0000 2016,27.43951225
Sun Feb 28 15:55:14 +0000 2016,139.9439627
Sun Feb 28 15:55:14 +0000 2016,85.67908482
Sun Feb 28 15:55:14 +0000 2016,21.77587923
Sun Feb 28 15:55:16 +0000 2016,84.47432604
Sun Feb 28 15:55:20 +0000 2016,-63.9320349
Sun Feb 28 15:55:22 +0000 2016,-100.7267996
" with the maf…""",65.13407522
Sun Feb 28 15:55:23 +0000 2016,83.56878581
Sun Feb 28 15:55:24 +0000 2016,53.77852232
Sun Feb 28 15:55:24 +0000 2016,-73.58270348
Sun Feb 28 15:55:27 +0000 2016,-153.0699445
Sun Feb 28 15:55:27 +0000 2016,-8.962608578
Sun Feb 28 15:55:27 +0000 2016,-121.4561734
Sun Feb 28 15:55:28 +0000 2016,-63.9320349
Sun Feb 28 15:55:28 +0000 2016,-100.7267996
Sun Feb 28 15:55:29 +0000 2016,-93.885491
Sun Feb 28 15:55:29 +0000 2016,39.2789068
Sun Feb 28 15:55:29 +0000 2016,62.31571477
Sun Feb 28 15:55:31 +0000 2016,53.77852232
Sun Feb 28 15:55:32 +0000 2016,81.75324757
Sun Feb 28 15:55:33 +0000 2016,76.26917876
Sun Feb 28 15:55:34 +0000 2016,73.1983131
Sun Feb 28 15:55:35 +0000 2016,33.05660592
Sun Feb 28 15:55:39 +0000 2016,-37.30134857
Sun Feb 28 15:55:39 +0000 2016,-100.7267996
Sun Feb 28 15:55:39 +0000 2016,-121.4562597
Sun Feb 28 15:55:39 +0000 2016,15.39149875
Sun Feb 28 15:55:41 +0000 2016,-15.25802014
Sun Feb 28 15:55:43 +0000 2016,25.44586649
Sun Feb 28 15:55:44 +0000 2016,-2.369863671
Sun Feb 28 15:55:46 +0000 2016,-50.34618639
Sun Feb 28 15:55:47 +0000 2016,75.04290609
Sun Feb 28 15:55:49 +0000 2016,21.77587923
Sun Feb 28 15:55:50 +0000 2016,48.6616419
Sun Feb 28 15:55:50 +0000 2016,-11.40521016
Sun Feb 28 15:55:54 +0000 2016,79.32273092
Sun Feb 28 15:55:56 +0000 2016,-10.35747497
Sun Feb 28 15:55:58 +0000 2016,18.75883927
Sun Feb 28 15:56:03 +0000 2016,-85.19641867
Sun Feb 28 15:56:03 +0000 2016,78.40853395
Sun Feb 28 15:56:05 +0000 2016,-55.09939575
Sun Feb 28 15:56:05 +0000 2016,-47.06858556
Sun Feb 28 15:56:09 +0000 2016,-21.60108838
Sun Feb 28 15:56:09 +0000 2016,3.482592831
Sun Feb 28 15:56:10 +0000 2016,-27.9907837
Sun Feb 28 15:56:11 +0000 2016,15.7289436
Sun Feb 28 15:56:11 +0000 2016,-53.54296312
Sun Feb 28 15:56:11 +0000 2016,83.56878581
Sun Feb 28 15:56:12 +0000 2016,9.630924549
Sun Feb 28 15:56:14 +0000 2016,-67.26312061
Sun Feb 28 15:56:15 +0000 2016,6.563058558
Sun Feb 28 15:56:17 +0000 2016,50.90556397
Sun Feb 28 15:56:20 +0000 2016,33.38556659
Sun Feb 28 15:56:24 +0000 2016,27.77121518
Sun Feb 28 15:56:24 +0000 2016,-75.82156955
Sun Feb 28 15:56:26 +0000 2016,-54.00048941
Sun Feb 28 15:56:26 +0000 2016,56.63793904
Sun Feb 28 15:56:26 +0000 2016,15.7289436
Sun Feb 28 15:56:27 +0000 2016,-84.06760054
Sun Feb 28 15:56:28 +0000 2016,-13.15423526
Sun Feb 28 15:56:29 +0000 2016,-12.10435745
Sun Feb 28 15:56:31 +0000 2016,-84.06760054
Sun Feb 28 15:56:31 +0000 2016,-61.71699645
Sun Feb 28 15:56:32 +0000 2016,-58.77066858
Sun Feb 28 15:56:33 +0000 2016,45.11910581
Sun Feb 28 15:56:34 +0000 2016,-70.23267502
Sun Feb 28 15:56:34 +0000 2016,-97.68181786
Sun Feb 28 15:56:34 +0000 2016,-21.95481856
Sun Feb 28 15:56:34 +0000 2016,-8.962608578
Sun Feb 28 15:56:34 +0000 2016,-100.7267996
Sun Feb 28 15:56:35 +0000 2016,-24.79015026
Sun Feb 28 15:56:36 +0000 2016,-138.9481442
Sun Feb 28 15:56:38 +0000 2016,-97.68181786
Sun Feb 28 15:56:41 +0000 2016,6.563058558
Sun Feb 28 15:56:41 +0000 2016,-2.715536748
Sun Feb 28 15:56:42 +0000 2016,-47.79601683
Sun Feb 28 15:56:44 +0000 2016,48.34048093
Sun Feb 28 15:56:49 +0000 2016,-18.42368292
Sun Feb 28 15:56:50 +0000 2016,-75.82156955
Sun Feb 28 15:56:51 +0000 2016,21.77587923
Sun Feb 28 15:56:51 +0000 2016,69.8006294
Sun Feb 28 15:56:56 +0000 2016,27.43951225
Sun Feb 28 15:56:56 +0000 2016,-15.25802014
Sun Feb 28 15:56:56 +0000 2016,-55.09939575
Sun Feb 28 15:56:57 +0000 2016,-24.79015026
-161.2647299,
-64.07131096,
42.50822489,
-41.9852322,
22.24501457,
-80.93320959,
-82.44379517,
-63.69942688,
-4.174064199,
-9.074780863,
20.89542968,
5.538698341,
-1.647763765,
-63.69942688,
28.28684086,
-1.039108895,
107.1930922,
51.9278836,
-111.8693383,
46.09762874,
31.28823095,
-36.17622048,
57.38462029,
-63.69942688,
-26.09570208,
51.60536618,
0.697152872,
-66.21213858,
-40.89340323,
17.84940318,
-63.69942688,
-39.71195743,
-63.3276288,
99.26174388,
-223.9694263,
-162.0593268,
-3.825143355,
-6.970935244,
-32.56350938,
-30.7623141,
-2.43092206,
65.95094092,
-162.0593268,
-41.9852322,
-39.07638311,
-94.21267075,
20.89534368,
-63.69942688,
-15.06466035,
-40.89340323,
-73.78390149,
99.26174388,
117.2832431,
-73.7839875,
-122.3338674,
-162.0593268,
-74.15913976,
40.21370697,
-31.12224354,
15.81169514,
-8.723795908,
-170.0210348,
74.39332885,
-117.5772086,
-134.8257841,
-67.42403003,
30.95539298,
44.79465837,
32.9500987,
-27.88769486,
-27.08088529,
-63.69942688,
24.26474765,
16.1517575,
-111.4831775,
15.81169514,
65.95094092,
13.08594993,
11.71925012,
-15.06474635,
-108.3973308,
54.82279994,
-63.69942688,
222.1629832,
-104.9336657,
72.21655129,
-63.69942688,
-104.9336657,
-57.02692853,
-104.9336657,
-134.0422818,
-104.9336657,
-125.8376107,
31.28823095,
-104.9336657,
60.25373524,
-108.3973308,
15.81169514,
-104.9336657,
-104.9336657,
-31.12224354,
-104.9336657,
-104.9336657,
-118.8377786,
-104.9336657,
-104.9336657,
-15.06474635,
-104.9336657,
-104.9336657,
-63.69942688,
-104.9336657,
-2.779326876,
-104.9336657,
-104.9336657,
-6.970935244,
-118.8377786,
-43.80767062,
-64.07131096,
-143.0731995,
-143.0731995,
-143.0731995,
-143.0731995,
-143.0731995,
-143.0731995,
-104.9336657,
-104.9336657,
65.95094092,
-104.9336657,
-104.9336657,
22.24501457,
-5.920990542,
-80.17869085,
-27.88778086,
21.90787636,
-116.8988899,
229.8751057,
-162.0593268,
21.90787636,
-162.0593268,
-162.0593268,
11.71925012,
21.90787636,
-162.0593268,
-60.35806043,
-162.0593268,
-21.45299935,
34.60775222,
-21.45299935,
-21.45299935,
-162.0593268,
27.95254081,
-34.36814484,
-21.45299935,
-78.67094342,
-47.462524,
-94.21258475,
45.77210116,
-28.51578678,
27.95254081,
10.00749968,
11.71925012,
-67.05094188,
13.08586393,
-30.7623141,
52.250143,
-34.36814484,
22.24501457,
22.24501457,
-114.9624954,
-21.45299935,
-94.59401535,
-122.3338674,
-2.431008065,
-154.1266884,
27.95254081,
-61.84181256,
-104.9336657,
15.81169514,
-162.0593268,
-143.0731135,
-162.0593268,
10.00749968,
-162.0593268,
12.40290104,
-95.26184141,
-11.88825081,
-87.36584099,
-162.0593268,
15.81169514,
-162.0593268,
21.90787636,
-162.0593268,
16.49156185,
-30.40247067,
22.24501457,
-3.825143355,
-75.28545659,
-18.25293853,
-70.03848522,
-27.88769486,
21.90787636,
65.95094092,
-74.15913976,
-35.81431294,
-48.56166336,
-3.825143355,
-34.36814484,
0.697152872,
-11.88825081,
-162.0593268,
-73.78390149,
-162.0593268,
21.90787636,
57.38453429,
-63.69942688,
-23.9498862,
-11.88825081,
27.95254081,
-162.0593268,
-65.37393731,
18.86615009,
-81.31076998,
-104.549311,
-3.825143355,
-2.779240871,
9.664685166,
-34.36814484,
-30.7623141,
-365.8314216,
27.95254081,
-80.55590722,
-1.734714461,
-80.55590722,
64.6896828,
-89.2640495,
-80.55590722,
-34.36814484,
66.58058092,
-80.55590722,
20.89542968,
-26.09570208,
-62.21309461,
51.60536618,
25.27237806,
-40.89331723,
-87.36584099,
-111.0971026,
-4.086855489,
57.38453429,
-60.72874045,
-50.39597042,
22.58206677,
-16.48021079,
3.81310115,
-0.691564125,
-150.1717648,
-80.55590722,
-80.55590722,
-30.7623141,
-12.85752315,
63.10917545,
-2.082775258,
50.31374843,
40.21370697,
-67.42394402,
64.6896828,
-80.55590722,
-145.0423618,
-28.96464502,
-35.81431294,
-84.33460729,
-162.0593268,
-365.8314216,
42.83530055,
19.20475038,
25.60796819,
-118.4498117,
18.86615009,
69.09226057,
-50.39597042,
-162.0593268,
35.60050384,
-80.55590722,
68.77894564,
-2.43092206,
-80.55590722,
64.6896828,
-2.43092206,
-14.2694614,
90.90157638,
-2.43092206,
-50.0289026,
-94.21267075,
-12.24061183,
-94.59401535,
-34.36814484,
6.916492749,
-83.57793842,
-132.0852461,
47.72251449,
-27.88769486,
43.48910786,
54.82279994,
41.52579383,
-2.43092206,
-116.8988899,
-75.28554259,
-24.66458479,
-80.55590722,
-4.086855489,
-63.3276288,
54.82271394,
-19.67382127,
14.1944638,
-101.0951064,
64.6896828,
22.58206677,
-60.72874045,
-84.99701506,
64.6896828,
-78.57676833,
-52.23371767,
-17.89816937,
64.6896828,
17.51020086,
25.60796819,
-162.0593268,
-80.55590722,
-63.69942688,
-5.22177278,
3.813015145,
-37.62522674,
180.6250619,
79.64477246,
82.40474751,
-47.09648823,
100.4448238,
25.27237806,
22.24501457,
-68.91724267,
6.916492749,
34.27654834,
88.79016236,
22.24501457,
35.60050384,
43.16229021,
106.9016225,
65.32061288,
32.9500127,
-3.825143355,
25.27237806,
48.69548503,
10.00749968,
43.48910786,
80.25936165,
46.09754273,
65.32061288,
-13.29855497,
-50.39605643,
-3.825143355,
25.27237806,
57.70404154,
43.16229021,
34.27654834,
82.71058003,
-27.52905549,
46.4228983,
82.71058003,
106.9016225,
11.71925012,
82.71058003,
-16.4802968,
93.60367031,
-39.07638311,
63.74182561,
97.1845597,
49.01946453,
52.250143,
119.133203,
82.71058003,
56.74508975,
82.71058003,
-2.43092206,
60.25373524,
-2.43092206,
82.71058003,
82.71058003,
-17.89816937,
-5.22177278,
27.28342467,
82.71058003,
35.60050384,
-37.26280316,
45.77210116,
49.01946453,
71.59310362,
82.71058003,
29.955933,
-33.64587783,
40.21362097,
-35.4525774,
51.9278836,
34.27654834,
120.9757665,
100.4448238,
63.10917545,
106.9016225,
-2.43092206,
79.64477246,
19.20475038,
19.20475038,
-5.571295656,
49.01946453,
34.60775222,
-27.88769486,
0.697152872,
56.74508975,
90.90157638,
43.48910786,
34.27654834,
-18.25293853,
-21.45299935,
31.62089692,
96.58949356,
20.89534368,
82.71058003,
25.27237806,
65.32061288,
59.29882567,
-13.29855497,
24.26466164,
37.25170701,
34.27654834,
0.697152872,
41.85347153,
90.90157638,
25.27237806,
46.4228983,
127.7142305,
-40.89340323,
16.1516715,
106.9016225,
25.27237806,
97.1845597,
24.26466164,
27.95254081,
46.09754273,
35.93110569,
52.250143,
-39.07638311,
-2.43092206,
-3.825143355,
35.60050384,
-27.88769486,
79.95215306,
60.57169441,
-43.80767062,
19.54317866,
-31.12224354,
112.4092739,
91.20250663,
-16.4802968,
35.60050384,
19.54317866,
-38.71344351,
1.390694327,
-28.33629509,
24.26466164,
93.60375631,
34.60775222,
22.24501457,
34.27654834,
-57.85876545,
11.71925012,
-37.26280316,
46.4228983,
37.58144882,
1.044009605,
24.26466164,
106.9016225,
-78.67102942,
25.27237806,
-55.18083883,
-16.4802968,
19.54317866,
-35.45266341,
-18.25293853,
-18.25293853,
22.58198077,
-57.85876545,
102.2141973,
0.697152872,
119.8428274,
24.26466164,
10.35014218,
-44.17250232,
106.9016225,
-40.89340323,
-50.39605643,
1.044009605,
85.45498824,
-21.45299935,
-17.10030428,
54.82271394,
-2.43092206,
-32.56350938,
25.27237806,
88.79016236,
3.813015145,
85.75901466,
-0.344191366,
70.65651304,
35.60050384,
52.5723164,
-77.54144442,
18.86615009,
22.24501457,
13.42713036,
34.27654834,
-3.825143355,
106.9016225,
1.044009605,
29.95584699,
-0.691564125,
132.7009518,
82.71058003,
-2.43092206,
-37.26280316,
-55.18083883,
3.813015145,
13.08586393,
-2.43092206,
74.39332885,
34.27654834,
81.79265245,
-18.25293853,
-8.723795908,
70.65651304,
42.83530055,
-35.81431294,
105.7340234,
19.20475038,
44.79465837,
0.697152872,
25.27237806,
25.27237806,
42.83530055,
46.4228983,
25.60796819,
64.6896828,
63.10917545,
-8.372896958,
-5.920990542,
19.20475038,
-0.691564125,
61.28647901,
48.69548503,
25.60796819,
42.83530055,
-34.00701133,
105.7340234,
70.34405817,
-0.691564125,
106.9016225,
-24.66458479,
-16.4802968,
74.39332885,
22.24501457,
74.39332885,
93.90305248,
14.79064799,
3.467448483,
46.4228983,
-54.07464709,
56.74508975,
59.29882567,
-8.723795908,
-2.43092206,
51.60536618,
10.00749968,
-20.74088089,
-3.825143355,
42.83530055,
-24.66458479,
50.63686788,
22.24501457,
70.65651304,
43.48910786,
-63.69942688,
60.57169441,
-5.571295656,
19.20475038,
-2.43092206,
-6.620810336,
25.27237806,
46.09762874,
76.56176396,
25.27237806,
34.27654834,
106.9016225,
-21.45299935,
-17.10030428,
-37.26280316,
79.95215306,
-9.777266801,
-38.7133575,
82.71058003,
-57.02692853,
-11.88833681,
1.044009605,
21.90779036,
49.01946453,
-19.31836407,
29.95584699,
23.92846948,
19.20475038,
31.28823095,
-8.723795908,
46.4228983,
-2.779240871,
94.20226264,
-11.18404477,
-37.26280316,
-132.0851601,
-28.33629509,
13.08586393,
19.20475038,
59.29882567,
-34.36814484,
-40.89340323,
31.62089692,
79.95215306,
37.25170701,
13.42713036,
22.24501457,
52.250143,
-39.07638311,
-47.09648823,
-114.9624954,
75.94304654,
-74.44063296,
10.00749968,
75.94304654,
106.9016225,
13.08586393,
-2.43092206,
-13.29855497,
-18.25293853,
25.27237806,
24.26466164,
93.60375631,
34.27654834,
49.01946453,
102.949623,
0.697152872,
-50.39605643,
43.16229021,
34.60775222,
-9.777266801,
-8.723795908,
-6.620810336,
96.29174548,
27.95254081,
50.31374843,
22.24501457,
-5.22177278,
18.86615009,
-22.52220909,
13.08586393,
97.1845597,
-37.26280316,
-40.89340323,
43.8157535,
42.83530055,
69.09226057,
-84.33460729,
77.17970733,
37.25170701,
80.25936165,
-6.620810336,
77.17970733,
52.5723164,
20.89534368,
-199.5995802,
23.92846948,
122.3880488,
24.93661593,
24.26466164,
10.00749968,
19.54317866,
-50.0289026,
-40.89340323,
34.27654834,
-49.93713564,
-0.691564125,
100.4448238,
10.00749968,
-11.53606178,
70.65651304,
-19.31836407,
18.86615009,
75.94304654,
88.18529169,
60.57169441,
-8.723795908,
54.5017446,
80.25936165,
28.6209689,
27.28342467,
10.00749968,
4.158495803,
-19.31836407,
-38.71344351,
13.08586393,
-0.691564125,
69.40548948,
-0.691564125,
37.58153482,
1.390694327,
-15.68372178,
29.95584699,
42.83530055,
23.92846948,
105.7340234,
34.27654834,
47.72251449,
-2.082775258,
-13.29855497,
59.29882567,
6.916492749,
13.08586393,
96.29174548,
71.59310362,
-32.56350938,
106.9016225,
65.95094092,
-22.52220909,
20.89534368,
25.27237806,
-31.12232955,
69.40548948,
29.95584699,
25.27237806,
-8.723795908,
82.09882899,
67.20953289,
90.60047412,
51.60536618,
27.95254081,
51.60536618,
78.41361597,
57.06494103,
28.28684086,
28.28684086,
88.79016236,
37.25170701,
-28.33629509,
-0.691564125,
67.52379386,
94.20226264,
43.8157535,
25.60796819,
47.72251449,
32.9500987,
-57.85876545,
90.60047412,
22.24501457,
68.77894564,
10.00749968,
-13.29855497,
35.93101969,
-9.777266801,
102.949623,
-34.36814484,
-6.970935244,
22.24501457,
106.9016225,
102.949623,
34.27654834,
-6.970935244,
77.488464,
0.697238877,
-40.52968959,
0.697152872,
0.697152872,
40.21362097,
-102.6292573,
49.01946453,
-40.16614796,
-30.7623141,
106.9016225,
46.09754273,
23.92846948,
-37.26280316,
-24.66458479,
13.08586393,
-4.872421914,
52.250143,
-24.66458479,
-1.299874977,
-40.89340323,
11.12057179,
101.9197174,
43.16229021,
13.08586393,
51.9278836,
-14.71118126,
-60.35806043,
23.92846948,
77.17970733,
-84.33460729,
0.697152872,
13.08586393,
-52.87772045,
-63.69942688,
104.2704824,
38.73434108,
13.08586393,
32.61803477,
13.08586393,
7.260511328,
-68.17037833,
22.24501457,
-60.72882645,
37.25170701,
105.7340234,
22.24501457,
63.10917545,
13.08586393,
-143.4668427,
88.18537769,
25.27237806,
37.25170701,
-50.76329626,
22.24501457,
34.27654834,
34.27654834,
-2.43092206,
25.27237806,
-5.571295656,
31.28823095,
43.48910786,
74.70363361,
-13.29855497,
40.21362097,
-70.41251942,
-57.85876545,
3.813015145,
-5.22177278,
88.18529169,
-168.0280492,
67.52379386,
-47.09648823,
-37.62522674,
7.260511328,
-9.777266801,
39.88516923,
-40.89340323,
-77.1651741,
68.46537271,
39.88516923,
34.27654834,
34.27654834,
34.27654834,
73.15047573,
43.16229021,
12.40290104,
31.28823095,
63.10917545,
-77.54144442,
134.3503488,
-21.09685412,
34.27654834,
27.95254081,
-10.12876778,
-13.29855497,
-0.691564125,
-13.29855497,
23.92846948,
3.813015145,
10.00749968,
22.24501457,
19.20475038,
-22.52220909,
106.9016225,
106.9016225,
57.38453429,
19.20475038,
5.538698341,
34.27654834,
181.8365233,
-48.19511157,
181.8365233,
-130.5211656,
25.27237806,
-5.22177278,
34.27654834,
6.916492749,
105.7340234,
-14.71118126,
25.60796819,
57.38453429,
29.95584699,
20.89534368,
-19.31836407,
93.30420214,
19.20475038,
-22.52220909,
28.28684086,
25.27237806,
-2.43092206,
-2.43092206,
10.00749968,
106.9016225,
88.79016236,
74.70363361,
-24.66458479,
10.00749968,
-2.43092206,
13.08586393,
-40.89340323,
31.62089692,
26.69747503,
10.00749968,
-6.970935244,
23.92846948,
10.35014218,
-24.66458479,
40.5419007,
24.93661593,
51.28267675,
6.916492749,
6.916492749,
51.60536618,
-157.692699,
30.95539298,
25.27237806,
22.24501457,
43.8157535,
13.08586393,
46.4228983,
-57.85876545,
43.16229021,
106.9016225,
-19.31836407,
-8.372982962,
6.572302161,
98.96554388,
13.76831078,
105.7340234,
-47.09648823,
31.62089692,
-2.082775258,
1.390694327,
3.813015145,
-31.12232955,
-8.723795908,
-31.12232955,
16.49156185,
-31.12232955,
31.28823095,
0.697152872,
57.38453429,
61.841811,
13.08586393,
57.70404154,
-44.17258833,
-24.66458479,
-74.15913976,
-63.69942688,
13.76831078,
70.65659905,
37.25170701,
-2.43092206,
5.538698341,
54.82271394,
-12.94576392,
80.56639823,
-25.0221061,
31.28823095,
114.9959496,
-9.777266801,
98.96554388,
57.70404154,
-58.8762864,
-11.88825081,
25.27237806,
98.96554388,
-50.39605643,
74.70363361,
58.34245402,
-29.32388642,
16.49156185,
98.96554388,
28.28684086,
37.25170701,
49.01946453,
23.92846948,
25.27237806,
86.44257957,
98.96554388,
-5.22177278,
66.58058092,
10.00749968,
25.27237806,
-5.571295656,
-2.43092206,
74.39332885,
10.00749968,
-8.372982962,
-24.30714949,
3.813015145,
-30.76240011,
-99.179783,
66.58058092,
25.27237806,
-26.36429459,
-2.431008065,
46.09754273,
65.00523384,
3.813015145,
28.28684086,
22.24501457,
-16.48021079,
0.697152872,
48.69548503,
1.390694327,
-2.43092206,
75.01376636,
37.25170701,
68.77894564,
25.60796819,
-96.12094181,
47.39784695,
63.10917545,
19.20475038,
66.26580392,
98.96554388,
22.58198077,
64.6896828,
11.71925012,
14.79064799,
-15.06474635,
-0.691564125,
25.60796819,
45.77210116,
-15.06474635,
-15.06474635,
-15.06474635,
43.89737191,
-15.06474635,
-15.06474635,
-15.06474635,
-15.06474635,
-15.06474635,
-11.53606178,
-15.06474635,
-15.06474635,
-15.06474635,
58.02329078,
-15.06474635,
-15.06474635,
-15.06474635,
-15.06474635,
-15.06474635,
-15.06474635,
-15.06474635,
-15.06474635,
-15.06474635,
-11.88833681,
37.25170701,
-35.81431294,
-15.06474635,
-15.06474635,
-15.06474635,
-15.06474635,
-15.06474635,
-15.06474635,
-15.06474635,
37.25170701,
-15.06474635,
-15.06474635,
-15.06474635,
-94.59410135,
-23.86061338,
-15.06474635,
-15.06474635,
61.841811,
-15.06474635,
-0.691564125,
-15.06474635,
-53.70620319,
-15.06474635,
-15.06474635,
-15.06474635,
13.08586393,
-15.06474635,
56.74508975,
0.697152872,
-15.06474635,
-60.35806043,
-40.89340323,
-53.7062892,
-15.06474635,
-15.06474635,
-15.06474635,
56.74508975,
-15.06474635,
-15.06474635,
-19.67373526,
25.27237806,
22.58198077,
35.60050384,
-15.06474635,
30.95539298,
0.697152872,
16.1516715,
65.95094092,
-8.372896958,
-32.20297791,
-15.06474635,
68.15162777,
-24.66458479,
56.74508975,
-56.65745258,
-15.06474635,
54.82271394,
-29.68329983,
-75.66112487,
54.82271394,
-8.372896958,
54.82271394,
22.58198077,
-48.56166336,
-15.06474635,
-48.92821516,
54.82271394,
54.82271394,
54.82271394,
54.82271394,
-27.88778086,
-15.06474635,
-15.06474635,
25.27237806,
54.82271394,
-17.89816937,
60.57169441,
56.74508975,
37.58144882,
-171.2177894,
85.75901466,
0.697152872,
10.69261268,
-15.06474635,
16.1516715,
-15.06474635,
-34.00692533,
41.85338552,
-27.88769486,
-47.46261001,
54.82271394,
-15.06474635,
7.260511328,
-15.06474635,
-61.09967848,
-47.82881778,
-36.17630649,
-74.53446403,
25.27237806,
68.77894564,
-47.82881778,
-77.91780075,
-24.66458479,
-74.53446403,
-61.09967848,
-47.82881778,
-47.82881778,
-3.127731691,
-61.09967848,
-51.1307081,
-47.82881778,
-18.25302454,
-15.06474635,
-77.91780075,
-34.72953635,
-47.82881778,
-80.9332956,
-47.82881778,
30.62238299,
-47.82881778,
45.44648757,
33.61362453,
27.61806874,
21.57048014,
33.61362453,
33.61362453,
33.61362453,
33.61362453,
30.62238299,
27.61806874,
33.61362453,
42.50822489,
-47.82881778,
-47.82881778,
-2.431008065,
56.74508975,
-34.72953635,
-54.443263,
-59.6169584,
0.350210136,
4.158495803,
39.88525523,
-47.82881778,
27.95254081,
27.95254081,
27.95254081,
15.81169514,
15.81169514,
-11.53606178,
27.95254081,
15.81169514,
27.95254081,
3.467448483,
15.81169514,
15.81169514,
-15.06474635,
65.95094092,
-85.84932109,
-15.06474635,
-32.20297791,
-2.779326876,
-11.88833681,
-47.82881778,
-61.09967848,
-26.45382542,
-68.17037833,
-11.88833681,
56.74508975,
54.18060326,
-8.372982962,
-73.7839875,
-15.06474635,
13.76822478,
-47.82881778,
52.250143,
-43.80767062,
-47.09648823,
22.58198077,
-32.20297791,
-47.82881778,
-44.17258833,
56.74508975,
56.74508975,
39.22783573,
54.18060326,
-24.3072355,
-5.571295656,
-10.12876778,
-15.06474635,
30.95539298,
-123.5009505,
34.9388701,
-34.72953635,
-11.18404477,
34.9388701,
-10.48035477,
-41.62117454,
33.61362453,
69.40548948,
39.55663149,
9.321698643,
-3.127731691,
-6.270771432,
-15.77222056,
-3.127731691,
-3.127731691,
39.88525523,
-67.05094188,
39.88525523,
16.1516715,
-86.51258891,
91.50326488,
-37.62522674,
56.74508975,
65.95094092,
-40.89340323,
15.81169514,
-11.88825081,
-57.67385547,
46.4228983,
-90.40438509,
77.488464,
-15.06474635,
-67.05094188,
56.74508975,
8.978540111,
-51.1307081,
36.92179319,
-15.06474635,
-161.4634006,
56.74508975,
52.250143,
47.39784695,
-67.05102788,
-74.15913976,
16.1516715,
-75.28545659,
3.467448483,
-48.56157736,
-51.86596181,
86.06295507,
-48.56157736,
-47.09648823,
56.74508975,
-48.56157736,
86.06295507,
-8.372896958,
-48.56157736,
-24.66458479,
-15.06474635,
-48.56157736,
86.06295507,
-21.80923059,
-34.00701133,
-48.56157736,
-48.56157736,
16.1516715,
0.00309539,
2.77579913,
16.1516715,
-67.05094188,
-47.462524,
-48.56157736,
13.08586393,
-132.8678023,
-113.0285949,
-37.62522674,
-64.44336706,
-2.431008065,
-11.53606178,
56.74508975,
-67.05094188,
-47.09648823,
6.572302161,
16.1516715,
22.24501457,
-75.66121088,
9.664685166,
35.93101969,
1.044009605,
13.42713036,
-40.16623396,
-98.79706233,
-14.71118126,
31.28823095,
1.044009605,
31.28823095,
-3.476394521,
-72.94019593,
27.95254081,
8.034123107,
-56.19577964,
-56.19577964,
16.49147585,
40.5419007,
-56.19577964,
8.034123107,
-56.19577964,
-21.09685412,
-50.39605643,
-96.88500707,
-56.19577964,
-43.80767062,
73.22822393,
-37.26280316,
-26.72250393,
60.88939557,
-56.19577964,
-8.372982962,
-56.19577964,
181.3524892,
-59.5243314,
-56.19577964,
-37.26280316,
-27.88769486,
49.01946453,
66.58058092,
-56.19577964,
-8.723795908,
-14.71126726,
-2.082775258,
10.35014218,
4.158495803,
7.260511328,
-8.723795908,
-29.14430872,
-34.00701133,
41.85338552,
-17.89816937,
-2.431008065,
-14.71118126,
34.9388701,
74.39332885,
-8.022170016,
130.2147295,
60.57169441,
0.00309539,
-38.71344351,
-2.082775258,
-53.3379313,
7.604443902,
-31.48243099,
13.76822478,
66.26580392,
31.28823095,
60.88939557,
-22.52220909,
-24.3072355,
-53.3379313,
-8.022170016,
10.35014218,
29.28870897,
-56.19577964,
-44.17258833,
5.538698341,
11.71925012,
35.93101969,
35.93101969,
-4.872421914,
63.42567254,
-9.074780863,
41.85338552,
46.09754273,
17.84940318,
-70.41251942,
37.25170701,
2.77579913,
-2.43092206,
5.538698341,
6.916492749,
5.538698341,
16.83119419,
40.87009442,
40.87009442,
40.87009442,
40.87009442,
40.87009442,
40.87009442,
8.80687484,
40.87009442,
40.87009442,
49.01946453,
40.87009442,
7.260511328,
40.87009442,
-37.26280316,
58.42218033,
40.87009442,
11.71925012,
40.87009442,
31.62089692,
40.87009442,
40.87009442,
31.62089692,
40.87009442,
15.13114038,
40.87009442,
31.62089692,
40.87009442,
40.87009442,
40.87009442,
40.87009442,
40.87009442,
10.00749968,
40.95205685,
40.87009442,
40.87009442,
40.87009442,
40.87009442,
40.87009442,
40.87009442,
40.87009442,
40.87009442,
40.87009442,
40.87009442,
15.13114038,
40.87009442,
23.92846948,
40.87009442,
-15.06474635,
40.87009442,
40.87009442,
-5.221858785,
19.54317866,
40.87009442,
-15.06474635,
40.87009442,
19.54317866,
-23.50352209,
-37.26280316,
19.54317866,
40.87009442,
19.54317866,
37.25170701,
-15.06474635,
-24.3072355,
-11.88825081,
37.25170701,
-24.3072355,
19.54317866,
40.87009442,
37.25170701,
-36.80998871,
-24.3072355,
37.25170701,
37.25170701,
40.87009442,
40.87009442,
40.87009442,
37.25170701,
40.87009442,
19.54317866,
-10.12876778,
37.25170701,
-24.3072355,
-24.3072355,
37.25170701,
40.87009442,
37.25170701,
-17.89816937,
37.25170701,
40.87000842,
37.25170701,
18.86615009,
-14.35787418,
-111.4832635,
-15.06474635,
64.6896828,
-45.26802949,
-36.9004656,
64.6896828,
-77.1651741,
64.6896828,
40.5419007,
74.70363361,
9.664685166,
21.23299792,
-70.41251942,
64.6896828,
84.54170492,
-8.372896958,
-77.1651741,
-17.89816937,
34.27654834,
25.27237806,
-37.62522674,
-2.082775258,
-82.25492897,
22.24501457,
16.1516715,
-30.7623141,
-13.29855497,
-40.89340323,
-70.41251942,
21.23299792,
28.28684086,
-17.89816937,
-111.4832635,
-45.63346322,
13.08586393,
-104.549397,
-60.72882645,
0.697152872,
-45.63346322,
4.158495803,
-111.4832635,
-17.89816937,
-34.00701133,
28.6209689,
60.57169441,
-43.80767062,
-53.70620319,
51.60536618,
-3.650725936,
-93.06898099,
-2.082775258,
71.90487046,
-43.80767062,
10.00749968,
-9.074780863,
3.467448483,
-11.18404477,
-64.07131096,
-77.1651741,
-34.00701133,
85.75901466,
21.23299792,
-15.41839745,
-77.1651741,
82.71058003,
-70.41251942,
-135.1196619,
6.227853559,
-94.59401535,
51.60536618,
51.60536618,
-84.33460729,
99.03959388,
-17.89816937,
-11.88833681,
-72.65904675,
-39.07638311,
21.23299792,
97.77885179,
25.27237806,
-11.53606178,
31.28823095,
14.79064799,
37.25170701,
-1.734800466,
-5.571295656,
71.90487046,
-72.65904675,
-36.9004656,
35.93110569,
-17.89816937,
31.28823095,
23.92846948,
25.27237806,
-80.9332956,
-111.4832635,
-45.26802949,
-80.55590722,
25.27237806,
-77.1651741,
-44.17250232,
-17.89816937,
33.94517244,
-57.02692853,
31.28823095,
33.94517244,
77.79704867,
-155.3146706,
47.72251449,
-70.41251942,
36.92179319,
37.25170701,
-121.9450404,
47.72251449,
-17.89816937,
47.72251449,
77.17970733,
10.00749968,
-17.89816937,
-77.1651741,
77.79704867,
-50.76329626,
29.62240699,
-155.3146706,
21.23299792,
77.79704867,
-80.9332956,
63.10917545,
-50.39605643,
-70.78663963,
13.08586393,
-34.00701133,
-86.22825755,
63.74191162,
13.08586393,
-17.89816937,
-18.25302454,
14.79064799,
11.71925012,
-57.02692853,
-31.12224354,
-186.024091,
-94.59410135,
-111.4832635,
21.23299792,
-13.29855497,
-30.76240011,
60.57160841,
-19.67373526,
-77.54144442,
-17.89816937,
0.350210136,
47.72251449,
-84.33460729,
-80.17869085,
43.16229021,
13.08586393,
-60.72882645,
-34.36814484,
-27.52905549,
-94.59410135,
10.35014218,
-153.730895,
-17.89816937,
-168.4265087,
-17.89816937,
47.72251449,
-14.71118126,
-31.12224354,
-11.88833681,
-90.78469763,
-111.4832635,
93.60375631,
-40.89340323,
-3.82522936,
-70.41251942,
36.92179319,
-28.24659224,
20.55751744,
42.50822489,
-60.72882645,
-32.56350938,
25.27237806,
0.350210136,
10.00749968,
-60.72882645,
-19.67373526,
43.48910786,
-27.88778086,
47.72251449,
-15.06474635,
54.5017446,
49.01946453,
43.48910786,
-83.95627285,
27.95254081,
-128.9585472,
37.25170701,
13.08586393,
20.55751744,
-17.89816937,
13.08586393,
-118.8378646,
-13.29855497,
54.82271394,
-1.734714461,
-111.4832635,
-80.55599322,
77.17970733,
5.538698341,
-104.549397,
-111.4832635,
-184.0182907,
22.58198077,
-15.06474635,
-77.1651741,
37.25170701,
-35.4525774,
-51.86596181,
-77.54144442,
36.59170737,
53.53780454,
14.79064799,
-17.89816937,
-2.082775258,
-23.50352209,
-83.95627285,
19.20475038,
-2.082775258,
-45.63346322,
-111.4832635,
-57.02701453,
5.538698341,
-11.88833681,
100.7401637,
-77.1651741,
-111.4832635,
-21.45291335,
-111.4832635,
121.5412471,
-94.59410135,
115.2825171,
60.57169441,
-77.1651741,
-94.59410135,
-77.1651741,
15.81169514,
-77.1651741,
-77.1651741,
-43.80767062,
-77.1651741,
2.77579913,
18.18843349,
39.88525523,
-77.1651741,
18.18843349,
7.260511328,
-77.1651741,
-94.59410135,
-77.1651741,
-80.55599322,
-77.1651741,
46.09762874,
-40.89340323,
-27.88769486,
-77.1651741,
25.27237806,
-77.1651741,
-77.1651741,
-77.1651741,
3.813015145,
-90.78469763,
-25.73775075,
99.03959388,
-111.4832635,
-77.1651741,
-77.1651741,
37.91110462,
-38.35058991,
13.08594993,
45.77210116,
-77.1651741,
-77.1651741,
-93.06898099,
-19.31836407,
-24.3072355,
25.27237806,
-52.23371767,
-77.1651741,
-77.1651741,
-36.9004656,
-77.1651741,
37.58144882,
53.93961824,
-77.1651741,
-53.7062892,
-77.1651741,
21.90779036,
18.5273778,
-77.1651741,
-40.89340323,
0.697152872,
-77.1651741,
-6.970935244,
-8.723795908,
1.390608323,
10.35014218,
-77.1651741,
52.97473213,
11.71925012,
-77.1651741,
-31.12232955,
-64.07131096,
-111.4832635,
-27.52905549,
-107.6269872,
-2.082775258,
25.27237806,
10.00741368,
51.60536618,
-11.88833681,
34.27654834,
23.92846948,
37.25170701,
28.6209689,
84.54170492,
-111.4832635,
-77.1651741,
-76.3189744,
-42.34946187,
-77.1651741,
-47.09648823,
4.158495803,
84.54170492,
84.54170492,
-27.88778086,
-62.21318061,
-24.66458479,
61.841811,
7.260511328,
13.08586393,
1.044009605,
-65.56013737,
16.1516715,
25.27237806,
3.813015145,
77.79704867,
-57.02701453,
57.70395554,
-2.431008065,
1.044009605,
10.35014218,
-36.9004656,
4.59006711,
-24.66458479,
48.69548503,
22.24501457,
-2.431008065,
11.71925012,
-70.41251942,
143.8448316,
78.7216846,
-31.75257158,
103.1699669,
-94.59410135,
77.17970733,
-2.082775258,
-83.95627285,
-36.9004656,
40.21362097,
19.54317866,
21.23299792,
4.59006711,
11.71925012,
-42.34946187,
-77.1651741,
0.350210136,
-118.4498977,
42.83530055,
-2.431008065,
24.93661593,
-184.0182907,
-43.80767062,
46.4228983,
-111.4832635,
-42.34946187,
-111.4832635,
-21.45299935,
66.58058092,
-111.4832635,
-83.199776,
-47.46261001,
-42.34946187,
-34.36814484,
1.044009605,
4.59006711,
31.28823095,
4.59006711,
-67.05102788,
-65.56013737,
25.27237806,
1.044009605,
-111.4832635,
60.57169441,
-125.4480096,
-11.88833681,
-77.1651741,
-46.73053847,
-18.25293853,
1.044009605,
-2.431008065,
-24.66458479,
-17.89816937,
-111.4832635,
66.26588993,
-44.90276776,
-43.80767062,
-83.1052569,
22.24501457,
-12.94576392,
-63.69942688,
10.35014218,
-34.00701133,
25.27237806,
22.24501457,
-169.6224033,
-73.03394099,
-27.88769486,
22.24501457,
-87.36584099,
28.28684086,
6.916492749,
13.08586393,
19.20475038,
10.00749968,
-21.45299935,
-86.60736603,
-93.83132616,
31.28823095,
34.9388701,
59.29882567,
22.24501457,
-111.4832635,
-34.00701133,
0.350210136,
2.42971644,
-153.730895,
25.27237806,
-33.82640158,
-33.64587783,
-80.55599322,
8.635209569,
22.24501457,
22.24501457,
2.42971644,
22.24501457,
26.02715482,
-37.62531274,
-21.09685412,
6.916492749,
39.88516923,
-111.4832635,
-24.66458479,
-36.9004656,
-80.55599322,
3.813015145,
-31.12232955,
25.27237806,
-8.723795908,
19.20475038,
-31.12232955,
-31.12232955,
0.697152872,
-87.74529348,
-19.67373526,
-37.62522674,
22.24501457,
22.24501457,
-66.21213858,
0.350210136,
-5.221858785,
-36.9004656,
-97.64950236,
34.27654834,
-64.07131096,
-53.7062892,
-31.12224354,
25.27237806,
22.24501457,
-31.12224354,
-21.09685412,
3.813015145,
18.61209237,
6.916492749,
-14.71118126,
-129.251393,
-33.82640158,
3.813015145,
-34.36814484,
-18.25302454,
-108.012116,
25.60796819,
25.27237806,
28.28684086,
-57.02701453,
19.20475038,
34.60775222,
-94.59410135,
0.350210136,
14.79064799,
-111.4832635,
-59.98738041,
-19.67373526,
-24.66458479,
-77.1651741,
52.5723164,
-18.25302454,
22.24501457,
6.916492749,
9.35E-11,
